,date,dateHijri,adhanFajr,iqamaFajr,shourouk,adhanDhuhr,iqamaDhuhr,adhanAsr,iqamaAsr,adhanMaghrib,iqamaMaghrib,adhanIsha,iqamaIsha,Jumua1,Jumua2
0,01/01/2024,"AlArbia'a, 01 Muharram, 2024",06:06 AM,06:16 AM,07:35 AM,11:59 AM,12:15 PM,02:05 PM,02:15 PM,04:23 PM,04:28 PM,05:53 PM,06:15 PM,12:15 PM,1:15 PM
1,01/02/2024,"AlKhamis, 02 Muharram, 2024",06:06 AM,06:16 AM,07:35 AM,12:00 PM,12:15 PM,02:06 PM,02:15 PM,04:24 PM,04:29 PM,05:53 PM,06:15 PM,12:15 PM,1:15 PM
2,01/03/2024,"AlJumaa, 03 Muharram, 2024",06:06 AM,06:16 AM,07:35 AM,12:00 PM,12:15 PM,02:07 PM,02:15 PM,04:25 PM,04:30 PM,05:54 PM,06:15 PM,12:15 PM,1:15 PM
3,01/04/2024,"AsSabt, 04 Muharram, 2024",06:06 AM,06:16 AM,07:35 AM,12:01 PM,12:15 PM,02:08 PM,02:15 PM,04:26 PM,04:31 PM,05:55 PM,06:15 PM,12:15 PM,1:15 PM
4,01/05/2024,"AlAhad, 05 Muharram, 2024",06:06 AM,06:16 AM,07:34 AM,12:01 PM,12:15 PM,02:09 PM,02:15 PM,04:27 PM,04:32 PM,05:56 PM,06:15 PM,12:15 PM,1:15 PM
5,01/06/2024,"AlEthnien, 06 Muharram, 2024",06:06 AM,06:16 AM,07:34 AM,12:01 PM,12:15 PM,02:10 PM,02:15 PM,04:28 PM,04:33 PM,05:57 PM,06:15 PM,12:15 PM,1:15 PM
6,01/07/2024,"AthThulatha, 07 Muharram, 2024",06:06 AM,06:16 AM,07:34 AM,12:02 PM,12:15 PM,02:11 PM,03:00 PM,04:29 PM,04:34 PM,05:58 PM,06:30 PM,12:15 PM,1:15 PM
7,01/08/2024,"AlArbia'a, 08 Muharram, 2024",06:06 AM,06:16 AM,07:34 AM,12:02 PM,12:15 PM,02:12 PM,03:00 PM,04:30 PM,04:35 PM,05:59 PM,06:30 PM,12:15 PM,1:15 PM
8,01/09/2024,"AlKhamis, 09 Muharram, 2024",06:06 AM,06:16 AM,07:34 AM,12:02 PM,12:15 PM,02:12 PM,03:00 PM,04:30 PM,04:35 PM,05:59 PM,06:30 PM,12:15 PM,1:15 PM
9,01/10/2024,"AlJumaa, 10 Muharram, 2024",06:05 AM,06:15 AM,07:33 AM,12:03 PM,12:15 PM,02:14 PM,03:00 PM,04:33 PM,04:38 PM,06:01 PM,06:30 PM,12:15 PM,1:15 PM
10,01/11/2024,"AsSabt, 11 Muharram, 2024",06:05 AM,06:15 AM,07:33 AM,12:04 PM,12:15 PM,02:15 PM,03:00 PM,04:34 PM,04:39 PM,06:02 PM,06:30 PM,12:15 PM,1:15 PM
11,01/12/2024,"AlAhad, 12 Muharram, 2024",06:05 AM,06:15 AM,07:32 AM,12:04 PM,12:15 PM,02:16 PM,03:00 PM,04:35 PM,04:40 PM,06:03 PM,06:30 PM,12:15 PM,1:15 PM
12,01/13/2024,"AlEthnien, 13 Muharram, 2024",06:04 AM,06:14 AM,07:32 AM,12:04 PM,12:15 PM,02:17 PM,03:00 PM,04:36 PM,04:41 PM,06:04 PM,06:30 PM,12:15 PM,1:15 PM
13,01/14/2024,"AthThulatha, 14 Muharram, 2024",06:04 AM,06:14 AM,07:31 AM,12:05 PM,12:15 PM,02:18 PM,03:00 PM,04:37 PM,04:42 PM,06:05 PM,06:30 PM,12:15 PM,1:15 PM
14,01/15/2024,"AlArbia'a, 15 Muharram, 2024",06:04 AM,06:14 AM,07:31 AM,12:05 PM,12:15 PM,02:19 PM,03:00 PM,04:39 PM,04:44 PM,06:07 PM,06:30 PM,12:15 PM,1:15 PM
15,01/16/2024,"AlKhamis, 16 Muharram, 2024",06:03 AM,06:13 AM,07:30 AM,12:05 PM,12:15 PM,02:21 PM,03:00 PM,04:40 PM,04:45 PM,06:08 PM,06:30 PM,12:15 PM,1:15 PM
16,01/17/2024,"AlJumaa, 17 Muharram, 2024",06:03 AM,06:13 AM,07:29 AM,12:06 PM,12:15 PM,02:22 PM,03:00 PM,04:41 PM,04:46 PM,06:09 PM,06:30 PM,12:15 PM,1:15 PM
17,01/18/2024,"AsSabt, 18 Muharram, 2024",06:02 AM,06:12 AM,07:29 AM,12:06 PM,12:15 PM,02:23 PM,03:00 PM,04:43 PM,04:48 PM,06:10 PM,06:30 PM,12:15 PM,1:15 PM
18,01/19/2024,"AlAhad, 19 Muharram, 2024",06:01 AM,06:11 AM,07:28 AM,12:06 PM,12:15 PM,02:24 PM,03:00 PM,04:44 PM,04:49 PM,06:11 PM,06:30 PM,12:15 PM,1:15 PM
19,01/20/2024,"AlEthnien, 20 Muharram, 2024",06:01 AM,06:11 AM,07:27 AM,12:07 PM,12:15 PM,02:25 PM,03:00 PM,04:45 PM,04:50 PM,06:12 PM,06:30 PM,12:15 PM,1:15 PM
20,01/21/2024,"AthThulatha, 21 Muharram, 2024",06:00 AM,06:10 AM,07:26 AM,12:07 PM,12:15 PM,02:26 PM,03:00 PM,04:47 PM,04:52 PM,06:14 PM,06:30 PM,12:15 PM,1:15 PM
21,01/22/2024,"AlArbia'a, 22 Muharram, 2024",06:00 AM,06:10 AM,07:26 AM,12:07 PM,12:15 PM,02:28 PM,03:00 PM,04:48 PM,04:53 PM,06:15 PM,06:30 PM,12:15 PM,1:15 PM
22,01/23/2024,"AlKhamis, 23 Muharram, 2024",06:00 AM,06:10 AM,07:26 AM,12:07 PM,12:15 PM,02:28 PM,03:00 PM,04:48 PM,04:53 PM,06:15 PM,06:30 PM,12:15 PM,1:15 PM
23,01/24/2024,"AlJumaa, 24 Muharram, 2024",05:59 AM,06:09 AM,07:25 AM,12:07 PM,12:15 PM,02:29 PM,03:00 PM,04:50 PM,04:55 PM,06:16 PM,06:30 PM,12:15 PM,1:15 PM
24,01/25/2024,"AsSabt, 25 Muharram, 2024",05:57 AM,06:07 AM,07:23 AM,12:08 PM,12:15 PM,02:31 PM,03:00 PM,04:52 PM,04:57 PM,06:18 PM,06:30 PM,12:15 PM,1:15 PM
25,01/26/2024,"AlAhad, 26 Muharram, 2024",05:57 AM,06:07 AM,07:22 AM,12:08 PM,12:15 PM,02:32 PM,03:00 PM,04:54 PM,04:59 PM,06:20 PM,06:30 PM,12:15 PM,1:15 PM
26,01/27/2024,"AlEthnien, 27 Muharram, 2024",05:56 AM,06:06 AM,07:21 AM,12:08 PM,12:15 PM,02:34 PM,03:00 PM,04:55 PM,05:00 PM,06:21 PM,06:30 PM,12:15 PM,1:15 PM
27,01/28/2024,"AthThulatha, 28 Muharram, 2024",05:55 AM,06:05 AM,07:20 AM,12:08 PM,12:15 PM,02:35 PM,03:00 PM,04:57 PM,05:02 PM,06:22 PM,07:00 PM,12:15 PM,1:15 PM
28,01/29/2024,"AlArbia'a, 29 Muharram, 2024",05:54 AM,06:04 AM,07:19 AM,12:09 PM,12:15 PM,02:36 PM,03:00 PM,04:58 PM,05:03 PM,06:23 PM,07:00 PM,12:15 PM,1:15 PM
29,01/30/2024,"AlKhamis, 30 Muharram, 2024",05:53 AM,06:03 AM,07:18 AM,12:09 PM,12:15 PM,02:37 PM,03:00 PM,05:00 PM,05:05 PM,06:25 PM,07:00 PM,12:15 PM,1:15 PM
30,01/31/2024,"AlJumaa, 31 Muharram, 2024",05:52 AM,06:02 AM,07:16 AM,12:09 PM,12:15 PM,02:38 PM,03:00 PM,05:01 PM,05:06 PM,06:26 PM,07:00 PM,12:15 PM,1:15 PM
31,02/01/2024,"AsSabt, 01 Safar, 2024",05:51 AM,06:01 AM,07:15 AM,12:09 PM,12:15 PM,02:40 PM,03:00 PM,05:02 PM,05:07 PM,06:27 PM,07:00 PM,12:15 PM,1:15 PM
32,02/02/2024,"AlAhad, 02 Safar, 2024",05:50 AM,06:00 AM,07:14 AM,12:09 PM,12:15 PM,02:41 PM,03:00 PM,05:04 PM,05:09 PM,06:28 PM,07:00 PM,12:15 PM,1:15 PM
33,02/03/2024,"AlEthnien, 03 Safar, 2024",05:49 AM,05:59 AM,07:13 AM,12:09 PM,12:15 PM,02:42 PM,03:00 PM,05:05 PM,05:10 PM,06:30 PM,07:00 PM,12:15 PM,1:15 PM
34,02/04/2024,"AthThulatha, 04 Safar, 2024",05:48 AM,05:58 AM,07:11 AM,12:09 PM,12:15 PM,02:43 PM,03:00 PM,05:07 PM,05:12 PM,06:31 PM,07:00 PM,12:15 PM,1:15 PM
35,02/05/2024,"AlArbia'a, 05 Safar, 2024",05:47 AM,05:57 AM,07:10 AM,12:09 PM,12:15 PM,02:44 PM,03:00 PM,05:08 PM,05:13 PM,06:32 PM,07:00 PM,12:15 PM,1:15 PM
36,02/06/2024,"AlKhamis, 06 Safar, 2024",05:45 AM,05:55 AM,07:09 AM,12:10 PM,12:15 PM,02:45 PM,03:00 PM,05:10 PM,05:15 PM,06:34 PM,07:00 PM,12:15 PM,1:15 PM
37,02/07/2024,"AlJumaa, 07 Safar, 2024",05:45 AM,05:55 AM,07:09 AM,12:10 PM,12:15 PM,02:45 PM,03:00 PM,05:10 PM,05:15 PM,06:34 PM,07:00 PM,12:15 PM,1:15 PM
38,02/08/2024,"AsSabt, 08 Safar, 2024",05:44 AM,05:54 AM,07:08 AM,12:10 PM,12:15 PM,02:47 PM,03:00 PM,05:11 PM,05:16 PM,06:35 PM,07:00 PM,12:15 PM,1:15 PM
39,02/09/2024,"AlAhad, 09 Safar, 2024",05:42 AM,05:52 AM,07:05 AM,12:10 PM,12:15 PM,02:49 PM,03:00 PM,05:14 PM,05:19 PM,06:38 PM,07:00 PM,12:15 PM,1:15 PM
40,02/10/2024,"AlEthnien, 10 Safar, 2024",05:40 AM,05:50 AM,07:03 AM,12:10 PM,12:15 PM,02:50 PM,03:00 PM,05:16 PM,05:21 PM,06:39 PM,07:00 PM,12:15 PM,1:15 PM
41,02/11/2024,"AthThulatha, 11 Safar, 2024",05:39 AM,05:59 AM,07:02 AM,12:10 PM,12:15 PM,02:51 PM,03:30 PM,05:17 PM,05:22 PM,06:40 PM,07:00 PM,12:15 PM,1:15 PM
42,02/12/2024,"AlArbia'a, 12 Safar, 2024",05:38 AM,05:58 AM,07:00 AM,12:10 PM,12:15 PM,02:52 PM,03:30 PM,05:19 PM,05:24 PM,06:42 PM,07:00 PM,12:15 PM,1:15 PM
43,02/13/2024,"AlKhamis, 13 Safar, 2024",05:36 AM,05:56 AM,06:59 AM,12:10 PM,12:15 PM,02:54 PM,03:30 PM,05:20 PM,05:25 PM,06:43 PM,07:00 PM,12:15 PM,1:15 PM
44,02/14/2024,"AlJumaa, 14 Safar, 2024",05:35 AM,05:55 AM,06:57 AM,12:10 PM,12:15 PM,02:55 PM,03:30 PM,05:21 PM,05:26 PM,06:44 PM,07:00 PM,12:15 PM,1:15 PM
45,02/15/2024,"AsSabt, 15 Safar, 2024",05:34 AM,05:54 AM,06:56 AM,12:10 PM,12:15 PM,02:56 PM,03:30 PM,05:23 PM,05:28 PM,06:46 PM,07:00 PM,12:15 PM,1:15 PM
46,02/16/2024,"AlAhad, 16 Safar, 2024",05:32 AM,05:52 AM,06:54 AM,12:09 PM,12:15 PM,02:57 PM,03:30 PM,05:24 PM,05:29 PM,06:47 PM,07:00 PM,12:15 PM,1:15 PM
47,02/17/2024,"AlEthnien, 17 Safar, 2024",05:31 AM,05:51 AM,06:53 AM,12:09 PM,12:15 PM,02:58 PM,03:30 PM,05:26 PM,05:31 PM,06:48 PM,07:00 PM,12:15 PM,1:15 PM
48,02/18/2024,"AthThulatha, 18 Safar, 2024",05:29 AM,05:49 AM,06:51 AM,12:09 PM,12:15 PM,02:59 PM,03:30 PM,05:27 PM,05:32 PM,06:50 PM,07:00 PM,12:15 PM,1:15 PM
49,02/19/2024,"AlArbia'a, 19 Safar, 2024",05:28 AM,05:48 AM,06:49 AM,12:09 PM,12:15 PM,03:00 PM,03:30 PM,05:29 PM,05:34 PM,06:51 PM,07:00 PM,12:15 PM,1:15 PM
50,02/20/2024,"AlKhamis, 20 Safar, 2024",05:26 AM,05:46 AM,06:48 AM,12:09 PM,12:15 PM,03:01 PM,03:30 PM,05:30 PM,05:35 PM,06:52 PM,07:00 PM,12:15 PM,1:15 PM
51,02/21/2024,"AlJumaa, 21 Safar, 2024",05:24 AM,05:44 AM,06:46 AM,12:09 PM,12:15 PM,03:02 PM,03:30 PM,05:32 PM,05:37 PM,06:54 PM,07:00 PM,12:15 PM,1:15 PM
52,02/22/2024,"AsSabt, 22 Safar, 2024",05:24 AM,05:44 AM,06:46 AM,12:09 PM,12:15 PM,03:02 PM,03:30 PM,05:32 PM,05:37 PM,06:54 PM,07:00 PM,12:15 PM,1:15 PM
53,02/23/2024,"AlAhad, 23 Safar, 2024",05:23 AM,05:43 AM,06:45 AM,12:09 PM,12:15 PM,03:03 PM,03:30 PM,05:33 PM,05:38 PM,06:55 PM,07:00 PM,12:15 PM,1:15 PM
54,02/24/2024,"AlEthnien, 24 Safar, 2024",05:20 AM,05:40 AM,06:41 AM,12:09 PM,12:15 PM,03:05 PM,03:30 PM,05:36 PM,05:41 PM,06:58 PM,07:00 PM,12:15 PM,1:15 PM
55,02/25/2024,"AthThulatha, 25 Safar, 2024",05:18 AM,05:38 AM,06:39 AM,12:08 PM,12:15 PM,03:06 PM,03:30 PM,05:37 PM,05:42 PM,06:59 PM,07:30 PM,12:15 PM,1:15 PM
56,02/26/2024,"AlArbia'a, 26 Safar, 2024",05:16 AM,05:36 AM,06:38 AM,12:08 PM,12:15 PM,03:07 PM,03:30 PM,05:39 PM,05:44 PM,07:00 PM,07:30 PM,12:15 PM,1:15 PM
57,02/27/2024,"AlKhamis, 27 Safar, 2024",05:15 AM,05:35 AM,06:36 AM,12:08 PM,12:15 PM,03:08 PM,03:30 PM,05:40 PM,05:45 PM,07:00 PM,07:30 PM,12:15 PM,1:15 PM
58,02/28/2024,"AlJumaa, 28 Safar, 2024",05:13 AM,05:33 AM,06:34 AM,12:08 PM,12:15 PM,03:09 PM,03:30 PM,05:41 PM,05:46 PM,07:01 PM,07:30 PM,12:15 PM,1:15 PM
59,02/29/2024,"AsSabt, 29 Safar, 2024",05:13 AM,05:33 AM,06:34 AM,12:08 PM,12:15 PM,03:09 PM,03:30 PM,05:41 PM,05:46 PM,07:01 PM,07:30 PM,12:15 PM,1:15 PM
60,03/01/2024,"AlAhad, 01 Rabi' Awwal, 2024",05:11 AM,05:31 AM,06:32 AM,12:08 PM,12:15 PM,03:10 PM,03:30 PM,05:43 PM,05:48 PM,07:04 PM,07:30 PM,12:15 PM,1:15 PM
61,03/02/2024,"AlEthnien, 02 Rabi' Awwal, 2024",05:09 AM,05:29 AM,06:31 AM,12:07 PM,12:15 PM,03:11 PM,03:30 PM,05:44 PM,05:49 PM,07:06 PM,07:30 PM,12:15 PM,1:15 PM
62,03/03/2024,"AthThulatha, 03 Rabi' Awwal, 2024",05:07 AM,05:27 AM,06:29 AM,12:07 PM,12:15 PM,03:12 PM,03:30 PM,05:45 PM,05:50 PM,07:07 PM,07:30 PM,12:15 PM,1:15 PM
63,03/04/2024,"AlArbia'a, 04 Rabi' Awwal, 2024",05:06 AM,05:26 AM,06:27 AM,12:07 PM,12:15 PM,03:13 PM,03:30 PM,05:47 PM,05:52 PM,07:08 PM,07:30 PM,12:15 PM,1:15 PM
64,03/05/2024,"AlKhamis, 05 Rabi' Awwal, 2024",05:04 AM,05:24 AM,06:25 AM,12:07 PM,12:15 PM,03:14 PM,03:30 PM,05:48 PM,05:53 PM,07:10 PM,07:30 PM,12:15 PM,1:15 PM
65,03/06/2024,"AlJumaa, 06 Rabi' Awwal, 2024",05:02 AM,05:22 AM,06:23 AM,12:07 PM,12:15 PM,03:15 PM,03:30 PM,05:50 PM,05:55 PM,07:11 PM,07:30 PM,12:15 PM,1:15 PM
66,03/07/2024,"AsSabt, 07 Rabi' Awwal, 2024",05:00 AM,05:20 AM,06:22 AM,12:06 PM,12:15 PM,03:16 PM,03:30 PM,05:51 PM,05:56 PM,07:13 PM,07:30 PM,12:15 PM,1:15 PM
67,03/08/2024,"AlAhad, 08 Rabi' Awwal, 2024",05:00 AM,05:20 AM,06:22 AM,12:06 PM,12:15 PM,03:16 PM,03:30 PM,05:51 PM,05:56 PM,07:13 PM,07:30 PM,12:15 PM,1:15 PM
68,03/09/2024,"AlEthnien, 09 Rabi' Awwal, 2024",04:58 AM,05:18 AM,06:20 AM,12:06 PM,12:15 PM,03:17 PM,03:30 PM,05:52 PM,05:57 PM,07:14 PM,07:30 PM,12:15 PM,1:15 PM
69,03/10/2024,"AthThulatha, 10 Rabi' Awwal, 2024",05:55 AM,06:15 AM,07:16 AM,01:05 PM,01:15 PM,04:18 PM,05:00 PM,06:55 PM,07:00 PM,08:17 PM,08:32 PM,12:15 PM,1:15 PM
70,03/11/2024,"AlArbia'a, 11 Rabi' Awwal, 2024",05:53 AM,06:13 AM,07:14 AM,01:05 PM,01:15 PM,04:19 PM,05:00 PM,06:56 PM,07:01 PM,08:18 PM,08:33 PM,12:15 PM,1:15 PM
71,03/12/2024,"AlKhamis, 12 Rabi' Awwal, 2024",05:51 AM,06:11 AM,07:12 AM,01:05 PM,01:15 PM,04:20 PM,05:00 PM,06:58 PM,07:03 PM,08:19 PM,08:34 PM,12:15 PM,1:15 PM
72,03/13/2024,"AlJumaa, 13 Rabi' Awwal, 2024",05:49 AM,06:09 AM,07:10 AM,01:05 PM,01:15 PM,04:21 PM,05:00 PM,06:59 PM,07:04 PM,08:21 PM,08:36 PM,12:15 PM,1:15 PM
73,03/14/2024,"AsSabt, 14 Rabi' Awwal, 2024",05:47 AM,06:07 AM,07:08 AM,01:05 PM,01:15 PM,04:22 PM,05:00 PM,07:00 PM,07:05 PM,08:22 PM,08:37 PM,12:15 PM,1:15 PM
74,03/15/2024,"AlAhad, 15 Rabi' Awwal, 2024",05:45 AM,06:05 AM,07:07 AM,01:04 PM,01:15 PM,04:22 PM,05:00 PM,07:02 PM,07:07 PM,08:24 PM,08:39 PM,12:15 PM,1:15 PM
75,03/16/2024,"AlEthnien, 16 Rabi' Awwal, 2024",05:43 AM,06:03 AM,07:05 AM,01:04 PM,01:15 PM,04:23 PM,05:00 PM,07:03 PM,07:08 PM,08:25 PM,08:40 PM,12:15 PM,1:15 PM
76,03/17/2024,"AthThulatha, 17 Rabi' Awwal, 2024",05:41 AM,06:01 AM,07:03 AM,01:04 PM,01:15 PM,04:24 PM,05:00 PM,07:04 PM,07:09 PM,08:26 PM,08:41 PM,12:15 PM,1:15 PM
77,03/18/2024,"AlArbia'a, 18 Rabi' Awwal, 2024",05:39 AM,05:59 AM,07:01 AM,01:03 PM,01:15 PM,04:25 PM,05:00 PM,07:06 PM,07:11 PM,08:28 PM,08:43 PM,12:15 PM,1:15 PM
78,03/19/2024,"AlKhamis, 19 Rabi' Awwal, 2024",05:37 AM,05:57 AM,06:59 AM,01:03 PM,01:15 PM,04:26 PM,05:00 PM,07:07 PM,07:12 PM,08:29 PM,08:44 PM,12:15 PM,1:15 PM
79,03/20/2024,"AlJumaa, 20 Rabi' Awwal, 2024",05:35 AM,05:55 AM,06:57 AM,01:03 PM,01:15 PM,04:26 PM,05:00 PM,07:08 PM,07:13 PM,08:31 PM,08:46 PM,12:15 PM,1:15 PM
80,03/21/2024,"AsSabt, 21 Rabi' Awwal, 2024",05:33 AM,05:53 AM,06:55 AM,01:02 PM,01:15 PM,04:27 PM,05:00 PM,07:10 PM,07:15 PM,08:32 PM,08:47 PM,12:15 PM,1:15 PM
81,03/22/2024,"AlAhad, 22 Rabi' Awwal, 2024",05:31 AM,05:51 AM,06:53 AM,01:02 PM,01:15 PM,04:28 PM,05:00 PM,07:11 PM,07:16 PM,08:34 PM,08:49 PM,12:15 PM,1:15 PM
82,03/23/2024,"AlEthnien, 23 Rabi' Awwal, 2024",05:29 AM,05:49 AM,06:51 AM,01:02 PM,01:15 PM,04:28 PM,05:00 PM,07:12 PM,07:17 PM,08:35 PM,08:50 PM,12:15 PM,1:15 PM
83,03/24/2024,"AthThulatha, 24 Rabi' Awwal, 2024",05:27 AM,05:47 AM,06:50 AM,01:02 PM,01:15 PM,04:29 PM,05:00 PM,07:14 PM,07:19 PM,08:37 PM,08:52 PM,12:15 PM,1:15 PM
84,03/25/2024,"AlArbia'a, 25 Rabi' Awwal, 2024",05:25 AM,05:45 AM,06:48 AM,01:01 PM,01:15 PM,04:30 PM,05:00 PM,07:15 PM,07:20 PM,08:38 PM,08:53 PM,12:15 PM,1:15 PM
85,03/26/2024,"AlKhamis, 26 Rabi' Awwal, 2024",05:22 AM,05:42 AM,06:46 AM,01:01 PM,01:15 PM,04:30 PM,05:00 PM,07:16 PM,07:21 PM,08:39 PM,08:54 PM,12:15 PM,1:15 PM
86,03/27/2024,"AlJumaa, 27 Rabi' Awwal, 2024",05:20 AM,05:40 AM,06:44 AM,01:01 PM,01:15 PM,04:31 PM,05:00 PM,07:17 PM,07:22 PM,08:41 PM,08:56 PM,12:15 PM,1:15 PM
87,03/28/2024,"AsSabt, 28 Rabi' Awwal, 2024",05:18 AM,05:38 AM,06:42 AM,01:00 PM,01:15 PM,04:32 PM,05:00 PM,07:19 PM,07:24 PM,08:42 PM,08:57 PM,12:15 PM,1:15 PM
88,03/29/2024,"AlAhad, 29 Rabi' Awwal, 2024",05:16 AM,05:36 AM,06:40 AM,01:00 PM,01:15 PM,04:32 PM,05:00 PM,07:20 PM,07:25 PM,08:44 PM,08:59 PM,12:15 PM,1:15 PM
89,03/30/2024,"AlEthnien, 30 Rabi' Awwal, 2024",05:14 AM,05:34 AM,06:38 AM,01:00 PM,01:15 PM,04:33 PM,05:00 PM,07:21 PM,07:26 PM,08:45 PM,09:00 PM,12:15 PM,1:15 PM
90,03/31/2024,"AthThulatha, 31 Rabi' Awwal, 2024",05:12 AM,05:32 AM,06:36 AM,12:59 PM,01:15 PM,04:34 PM,05:00 PM,07:23 PM,07:28 PM,08:47 PM,09:02 PM,12:15 PM,1:15 PM
91,04/01/2024,"AlArbia'a, 01 Rabi' Thani, 2024",05:10 AM,05:30 AM,06:34 AM,12:59 PM,01:15 PM,04:34 PM,05:00 PM,07:22 PM,07:27 PM,08:49 PM,09:04 PM,1:15 PM,2:15 PM
92,04/02/2024,"AlKhamis, 02 Rabi' Thani, 2024",05:08 AM,05:28 AM,06:32 AM,12:59 PM,01:15 PM,04:35 PM,05:00 PM,07:24 PM,07:29 PM,08:50 PM,09:05 PM,1:15 PM,2:15 PM
93,04/03/2024,"AlJumaa, 03 Rabi' Thani, 2024",05:06 AM,05:26 AM,06:31 AM,12:59 PM,01:15 PM,04:35 PM,05:00 PM,07:26 PM,07:31 PM,08:52 PM,09:07 PM,1:15 PM,2:15 PM
94,04/04/2024,"AsSabt, 04 Rabi' Thani, 2024",05:03 AM,05:23 AM,06:29 AM,12:58 PM,01:15 PM,04:36 PM,05:00 PM,07:28 PM,07:33 PM,08:53 PM,09:08 PM,1:15 PM,2:15 PM
95,04/05/2024,"AlAhad, 05 Rabi' Thani, 2024",05:01 AM,05:21 AM,06:27 AM,12:58 PM,01:15 PM,04:37 PM,05:00 PM,07:29 PM,07:34 PM,08:55 PM,09:10 PM,1:15 PM,2:15 PM
96,04/06/2024,"AlEthnien, 06 Rabi' Thani, 2024",04:59 AM,05:19 AM,06:25 AM,12:58 PM,01:15 PM,04:37 PM,05:00 PM,07:30 PM,07:35 PM,08:56 PM,09:11 PM,1:15 PM,2:15 PM
97,04/07/2024,"AthThulatha, 07 Rabi' Thani, 2024",04:57 AM,05:17 AM,06:23 AM,12:57 PM,01:15 PM,04:38 PM,05:00 PM,07:32 PM,07:37 PM,08:58 PM,09:13 PM,1:15 PM,2:15 PM
98,04/08/2024,"AlArbia'a, 08 Rabi' Thani, 2024",04:55 AM,05:15 AM,06:21 AM,12:57 PM,01:15 PM,04:38 PM,05:00 PM,07:33 PM,07:38 PM,08:59 PM,09:14 PM,1:15 PM,2:15 PM
99,04/09/2024,"AlKhamis, 09 Rabi' Thani, 2024",04:53 AM,05:13 AM,06:19 AM,12:57 PM,01:15 PM,04:39 PM,05:00 PM,07:34 PM,07:39 PM,09:01 PM,09:16 PM,1:15 PM,2:15 PM
100,04/10/2024,"AlJumaa, 10 Rabi' Thani, 2024",04:51 AM,05:11 AM,06:18 AM,12:57 PM,01:15 PM,04:39 PM,05:00 PM,07:36 PM,07:41 PM,09:03 PM,09:08 PM,1:15 PM,2:15 PM
101,04/11/2024,"AsSabt, 11 Rabi' Thani, 2024",04:48 AM,05:08 AM,06:16 AM,12:56 PM,01:15 PM,04:40 PM,05:00 PM,07:37 PM,07:42 PM,09:04 PM,09:09 PM,1:15 PM,2:15 PM
102,04/12/2024,"AlAhad, 12 Rabi' Thani, 2024",04:46 AM,05:06 AM,06:14 AM,12:56 PM,01:15 PM,04:40 PM,05:00 PM,07:38 PM,07:43 PM,09:06 PM,09:11 PM,1:15 PM,2:15 PM
103,04/13/2024,"AlEthnien, 13 Rabi' Thani, 2024",04:44 AM,05:04 AM,06:12 AM,12:56 PM,01:15 PM,04:41 PM,05:00 PM,07:39 PM,07:44 PM,09:08 PM,09:13 PM,1:15 PM,2:15 PM
104,04/14/2024,"AthThulatha, 14 Rabi' Thani, 2024",04:42 AM,05:02 AM,06:10 AM,12:56 PM,01:15 PM,04:42 PM,05:00 PM,07:41 PM,07:46 PM,09:09 PM,09:14 PM,1:15 PM,2:15 PM
105,04/15/2024,"AlArbia'a, 15 Rabi' Thani, 2024",04:40 AM,05:00 AM,06:09 AM,12:55 PM,01:15 PM,04:42 PM,05:00 PM,07:42 PM,07:47 PM,09:11 PM,09:16 PM,1:15 PM,2:15 PM
106,04/16/2024,"AlKhamis, 16 Rabi' Thani, 2024",04:38 AM,04:58 AM,06:07 AM,12:55 PM,01:15 PM,04:43 PM,05:00 PM,07:43 PM,07:48 PM,09:13 PM,09:18 PM,1:15 PM,2:15 PM
107,04/17/2024,"AlJumaa, 17 Rabi' Thani, 2024",04:35 AM,04:55 AM,06:05 AM,12:55 PM,01:15 PM,04:43 PM,05:00 PM,07:45 PM,07:50 PM,09:14 PM,09:19 PM,1:15 PM,2:15 PM
108,04/18/2024,"AsSabt, 18 Rabi' Thani, 2024",04:33 AM,04:53 AM,06:03 AM,12:55 PM,01:15 PM,04:44 PM,05:00 PM,07:46 PM,07:51 PM,09:16 PM,09:21 PM,1:15 PM,2:15 PM
109,04/19/2024,"AlAhad, 19 Rabi' Thani, 2024",04:31 AM,04:51 AM,06:02 AM,12:54 PM,01:15 PM,04:44 PM,05:00 PM,07:47 PM,07:52 PM,09:18 PM,09:23 PM,1:15 PM,2:15 PM
110,04/20/2024,"AlEthnien, 20 Rabi' Thani, 2024",04:29 AM,04:49 AM,06:00 AM,12:54 PM,01:15 PM,04:44 PM,05:00 PM,07:48 PM,07:53 PM,09:19 PM,09:24 PM,1:15 PM,2:15 PM
111,04/21/2024,"AthThulatha, 21 Rabi' Thani, 2024",04:27 AM,04:47 AM,05:58 AM,12:54 PM,01:15 PM,04:45 PM,05:00 PM,07:50 PM,07:55 PM,09:21 PM,09:26 PM,1:15 PM,2:15 PM
112,04/22/2024,"AlArbia'a, 22 Rabi' Thani, 2024",04:25 AM,04:45 AM,05:57 AM,12:54 PM,01:15 PM,04:45 PM,05:00 PM,07:51 PM,07:56 PM,09:23 PM,09:28 PM,1:15 PM,2:15 PM
113,04/23/2024,"AlKhamis, 23 Rabi' Thani, 2024",04:23 AM,04:43 AM,05:55 AM,12:54 PM,01:15 PM,04:46 PM,05:00 PM,07:52 PM,07:57 PM,09:25 PM,09:30 PM,1:15 PM,2:15 PM
114,04/24/2024,"AlJumaa, 24 Rabi' Thani, 2024",04:21 AM,04:41 AM,05:53 AM,12:53 PM,01:15 PM,04:46 PM,05:00 PM,07:54 PM,07:59 PM,09:26 PM,09:31 PM,1:15 PM,2:15 PM
115,04/25/2024,"AsSabt, 25 Rabi' Thani, 2024",04:19 AM,04:39 AM,05:52 AM,12:53 PM,01:15 PM,04:47 PM,05:00 PM,07:55 PM,08:00 PM,09:28 PM,09:33 PM,1:15 PM,2:15 PM
116,04/26/2024,"AlAhad, 26 Rabi' Thani, 2024",04:16 AM,04:36 AM,05:50 AM,12:53 PM,01:15 PM,04:47 PM,05:00 PM,07:56 PM,08:01 PM,09:30 PM,09:35 PM,1:15 PM,2:15 PM
117,04/27/2024,"AlEthnien, 27 Rabi' Thani, 2024",04:14 AM,04:34 AM,05:48 AM,12:53 PM,01:15 PM,04:48 PM,05:00 PM,07:57 PM,08:02 PM,09:32 PM,09:37 PM,1:15 PM,2:15 PM
118,04/28/2024,"AthThulatha, 28 Rabi' Thani, 2024",04:12 AM,04:32 AM,05:47 AM,12:53 PM,01:15 PM,04:48 PM,05:00 PM,07:59 PM,08:04 PM,09:33 PM,09:38 PM,1:15 PM,2:15 PM
119,04/29/2024,"AlArbia'a, 29 Rabi' Thani, 2024",04:10 AM,04:30 AM,05:45 AM,12:53 PM,01:15 PM,04:49 PM,05:00 PM,08:00 PM,08:05 PM,09:35 PM,09:40 PM,1:15 PM,2:15 PM
120,04/30/2024,"AlKhamis, 30 Rabi' Thani, 2024",04:08 AM,04:28 AM,05:44 AM,12:53 PM,01:15 PM,04:49 PM,05:00 PM,08:01 PM,08:06 PM,09:37 PM,09:42 PM,1:15 PM,2:15 PM
121,05/01/2024,"AlJumaa, 01 Jamada El Oula, 2024",04:06 AM,04:26 AM,05:42 AM,12:52 PM,01:15 PM,04:50 PM,05:00 PM,08:03 PM,08:08 PM,09:39 PM,09:44 PM,1:15 PM,2:15 PM
122,05/02/2024,"AsSabt, 02 Jamada El Oula, 2024",04:04 AM,04:24 AM,05:41 AM,12:52 PM,01:15 PM,04:50 PM,05:00 PM,08:04 PM,08:09 PM,09:41 PM,09:46 PM,1:15 PM,2:15 PM
123,05/03/2024,"AlAhad, 03 Jamada El Oula, 2024",04:02 AM,04:22 AM,05:39 AM,12:52 PM,01:15 PM,04:50 PM,05:00 PM,08:05 PM,08:10 PM,09:42 PM,09:47 PM,1:15 PM,2:15 PM
124,05/04/2024,"AlEthnien, 04 Jamada El Oula, 2024",04:00 AM,04:20 AM,05:38 AM,12:52 PM,01:15 PM,04:51 PM,05:00 PM,08:06 PM,08:11 PM,09:44 PM,09:49 PM,1:15 PM,2:15 PM
125,05/05/2024,"AthThulatha, 05 Jamada El Oula, 2024",03:58 AM,04:18 AM,05:36 AM,12:52 PM,01:15 PM,04:51 PM,05:15 PM,08:08 PM,08:13 PM,09:46 PM,09:51 PM,1:15 PM,2:15 PM
126,05/06/2024,"AlArbia'a, 06 Jamada El Oula, 2024",03:56 AM,04:16 AM,05:35 AM,12:52 PM,01:15 PM,04:52 PM,05:15 PM,08:09 PM,08:14 PM,09:48 PM,09:53 PM,1:15 PM,2:15 PM
127,05/07/2024,"AlKhamis, 07 Jamada El Oula, 2024",03:54 AM,04:14 AM,05:34 AM,12:52 PM,01:15 PM,04:52 PM,05:15 PM,08:10 PM,08:15 PM,09:50 PM,09:55 PM,1:15 PM,2:15 PM
128,05/08/2024,"AlJumaa, 08 Jamada El Oula, 2024",03:52 AM,04:12 AM,05:32 AM,12:52 PM,01:15 PM,04:53 PM,05:15 PM,08:11 PM,08:16 PM,09:51 PM,09:56 PM,1:15 PM,2:15 PM
129,05/09/2024,"AsSabt, 09 Jamada El Oula, 2024",03:50 AM,04:10 AM,05:31 AM,12:52 PM,01:15 PM,04:53 PM,05:15 PM,08:13 PM,08:18 PM,09:53 PM,09:58 PM,1:15 PM,2:15 PM
130,05/10/2024,"AlAhad, 10 Jamada El Oula, 2024",03:49 AM,04:09 AM,05:30 AM,12:52 PM,01:15 PM,04:53 PM,05:15 PM,08:14 PM,08:19 PM,09:55 PM,10:00 PM,1:15 PM,2:15 PM
131,05/11/2024,"AlEthnien, 11 Jamada El Oula, 2024",03:47 AM,04:07 AM,05:28 AM,12:52 PM,01:15 PM,04:54 PM,05:15 PM,08:15 PM,08:20 PM,09:57 PM,10:02 PM,1:15 PM,2:15 PM
132,05/12/2024,"AthThulatha, 12 Jamada El Oula, 2024",03:45 AM,04:05 AM,05:27 AM,12:52 PM,01:15 PM,04:54 PM,05:15 PM,08:16 PM,08:21 PM,09:59 PM,10:04 PM,1:15 PM,2:15 PM
133,05/13/2024,"AlArbia'a, 13 Jamada El Oula, 2024",03:43 AM,04:03 AM,05:26 AM,12:52 PM,01:15 PM,04:55 PM,05:15 PM,08:17 PM,08:22 PM,10:00 PM,10:05 PM,1:15 PM,2:15 PM
134,05/14/2024,"AlKhamis, 14 Jamada El Oula, 2024",03:41 AM,04:01 AM,05:25 AM,12:52 PM,01:15 PM,04:55 PM,05:15 PM,08:19 PM,08:24 PM,10:02 PM,10:07 PM,1:15 PM,2:15 PM
135,05/15/2024,"AlJumaa, 15 Jamada El Oula, 2024",03:39 AM,03:59 AM,05:24 AM,12:52 PM,01:15 PM,04:55 PM,05:15 PM,08:20 PM,08:25 PM,10:04 PM,10:09 PM,1:15 PM,2:15 PM
136,05/16/2024,"AsSabt, 16 Jamada El Oula, 2024",03:38 AM,03:58 AM,05:22 AM,12:52 PM,01:15 PM,04:56 PM,05:15 PM,08:21 PM,08:26 PM,10:06 PM,10:11 PM,1:15 PM,2:15 PM
137,05/17/2024,"AlAhad, 17 Jamada El Oula, 2024",03:36 AM,03:56 AM,05:21 AM,12:52 PM,01:15 PM,04:56 PM,05:15 PM,08:22 PM,08:27 PM,10:08 PM,10:13 PM,1:15 PM,2:15 PM
138,05/18/2024,"AlEthnien, 18 Jamada El Oula, 2024",03:34 AM,03:54 AM,05:20 AM,12:52 PM,01:15 PM,04:57 PM,05:15 PM,08:23 PM,08:28 PM,10:09 PM,10:14 PM,1:15 PM,2:15 PM
139,05/19/2024,"AthThulatha, 19 Jamada El Oula, 2024",03:33 AM,03:53 AM,05:19 AM,12:52 PM,01:15 PM,04:57 PM,05:15 PM,08:24 PM,08:29 PM,10:11 PM,10:16 PM,1:15 PM,2:15 PM
140,05/20/2024,"AlArbia'a, 20 Jamada El Oula, 2024",03:31 AM,03:51 AM,05:18 AM,12:52 PM,01:15 PM,04:57 PM,05:15 PM,08:25 PM,08:30 PM,10:13 PM,10:18 PM,1:15 PM,2:15 PM
141,05/21/2024,"AlKhamis, 21 Jamada El Oula, 2024",03:30 AM,03:50 AM,05:17 AM,12:52 PM,01:15 PM,04:58 PM,05:15 PM,08:26 PM,08:31 PM,10:14 PM,10:19 PM,1:15 PM,2:15 PM
142,05/22/2024,"AlJumaa, 22 Jamada El Oula, 2024",03:28 AM,03:48 AM,05:16 AM,12:52 PM,01:15 PM,04:58 PM,05:15 PM,08:28 PM,08:33 PM,10:16 PM,10:21 PM,1:15 PM,2:15 PM
143,05/23/2024,"AsSabt, 23 Jamada El Oula, 2024",03:27 AM,03:47 AM,05:15 AM,12:52 PM,01:15 PM,04:59 PM,05:15 PM,08:29 PM,08:34 PM,10:18 PM,10:23 PM,1:15 PM,2:15 PM
144,05/24/2024,"AlAhad, 24 Jamada El Oula, 2024",03:25 AM,03:45 AM,05:15 AM,12:52 PM,01:15 PM,04:59 PM,05:15 PM,08:30 PM,08:35 PM,10:19 PM,10:24 PM,1:15 PM,2:15 PM
145,05/25/2024,"AlEthnien, 25 Jamada El Oula, 2024",03:24 AM,03:44 AM,05:14 AM,12:52 PM,01:15 PM,04:59 PM,05:15 PM,08:31 PM,08:36 PM,10:21 PM,10:26 PM,1:15 PM,2:15 PM
146,05/26/2024,"AthThulatha, 26 Jamada El Oula, 2024",03:22 AM,03:42 AM,05:13 AM,12:52 PM,01:15 PM,05:00 PM,05:15 PM,08:32 PM,08:37 PM,10:23 PM,10:28 PM,1:15 PM,2:15 PM
147,05/27/2024,"AlArbia'a, 27 Jamada El Oula, 2024",03:21 AM,03:41 AM,05:12 AM,12:53 PM,01:15 PM,05:00 PM,05:15 PM,08:33 PM,08:38 PM,10:24 PM,10:29 PM,1:15 PM,2:15 PM
148,05/28/2024,"AlKhamis, 28 Jamada El Oula, 2024",03:20 AM,03:40 AM,05:11 AM,12:53 PM,01:15 PM,05:00 PM,05:15 PM,08:34 PM,08:39 PM,10:26 PM,10:31 PM,1:15 PM,2:15 PM
149,05/29/2024,"AlJumaa, 29 Jamada El Oula, 2024",03:19 AM,03:39 AM,05:11 AM,12:53 PM,01:15 PM,05:01 PM,05:15 PM,08:34 PM,08:39 PM,10:27 PM,10:32 PM,1:15 PM,2:15 PM
150,05/30/2024,"AsSabt, 30 Jamada El Oula, 2024",03:17 AM,03:37 AM,05:10 AM,12:53 PM,01:15 PM,05:01 PM,05:15 PM,08:35 PM,08:40 PM,10:29 PM,10:34 PM,1:15 PM,2:15 PM
151,05/31/2024,"AlAhad, 31 Jamada El Oula, 2024",03:16 AM,03:36 AM,05:10 AM,12:53 PM,01:15 PM,05:01 PM,05:15 PM,08:36 PM,08:41 PM,10:30 PM,10:35 PM,1:15 PM,2:15 PM
152,06/01/2024,"AlEthnien, 01 Jamada El Thaniah, 2024",03:15 AM,03:35 AM,05:09 AM,12:53 PM,01:15 PM,05:02 PM,05:15 PM,08:37 PM,08:42 PM,10:31 PM,10:36 PM,1:15 PM,2:15 PM
153,06/02/2024,"AthThulatha, 02 Jamada El Thaniah, 2024",03:14 AM,03:34 AM,05:08 AM,12:53 PM,01:15 PM,05:02 PM,05:15 PM,08:38 PM,08:43 PM,10:33 PM,10:38 PM,1:15 PM,2:15 PM
154,06/03/2024,"AlArbia'a, 03 Jamada El Thaniah, 2024",03:13 AM,03:33 AM,05:08 AM,12:54 PM,01:15 PM,05:03 PM,05:15 PM,08:39 PM,08:44 PM,10:34 PM,10:39 PM,1:15 PM,2:15 PM
155,06/04/2024,"AlKhamis, 04 Jamada El Thaniah, 2024",03:12 AM,03:32 AM,05:07 AM,12:54 PM,01:15 PM,05:03 PM,05:15 PM,08:40 PM,08:45 PM,10:35 PM,10:40 PM,1:15 PM,2:15 PM
156,06/05/2024,"AlJumaa, 05 Jamada El Thaniah, 2024",03:12 AM,03:32 AM,05:07 AM,12:54 PM,01:15 PM,05:03 PM,05:15 PM,08:40 PM,08:45 PM,10:36 PM,10:41 PM,1:15 PM,2:15 PM
157,06/06/2024,"AsSabt, 06 Jamada El Thaniah, 2024",03:11 AM,03:31 AM,05:07 AM,12:54 PM,01:15 PM,05:04 PM,05:15 PM,08:41 PM,08:46 PM,10:38 PM,10:43 PM,1:15 PM,2:15 PM
158,06/07/2024,"AlAhad, 07 Jamada El Thaniah, 2024",03:10 AM,03:30 AM,05:06 AM,12:54 PM,01:15 PM,05:04 PM,05:15 PM,08:42 PM,08:47 PM,10:39 PM,10:44 PM,1:15 PM,2:15 PM
159,06/08/2024,"AlEthnien, 08 Jamada El Thaniah, 2024",03:09 AM,03:29 AM,05:06 AM,12:55 PM,01:15 PM,05:04 PM,05:15 PM,08:42 PM,08:47 PM,10:40 PM,10:45 PM,1:15 PM,2:15 PM
160,06/09/2024,"AthThulatha, 09 Jamada El Thaniah, 2024",03:09 AM,03:29 AM,05:06 AM,12:55 PM,01:15 PM,05:04 PM,05:15 PM,08:43 PM,08:48 PM,10:41 PM,10:46 PM,1:15 PM,2:15 PM
161,06/10/2024,"AlArbia'a, 10 Jamada El Thaniah, 2024",03:08 AM,03:28 AM,05:06 AM,12:55 PM,01:15 PM,05:05 PM,05:15 PM,08:44 PM,08:49 PM,10:42 PM,10:47 PM,1:15 PM,2:15 PM
162,06/11/2024,"AlKhamis, 11 Jamada El Thaniah, 2024",03:08 AM,03:28 AM,05:05 AM,12:55 PM,01:15 PM,05:05 PM,05:15 PM,08:44 PM,08:49 PM,10:42 PM,10:47 PM,1:15 PM,2:15 PM
163,06/12/2024,"AlJumaa, 12 Jamada El Thaniah, 2024",03:07 AM,03:27 AM,05:05 AM,12:55 PM,01:15 PM,05:05 PM,05:15 PM,08:45 PM,08:50 PM,10:43 PM,10:48 PM,1:15 PM,2:15 PM
164,06/13/2024,"AsSabt, 13 Jamada El Thaniah, 2024",03:07 AM,03:27 AM,05:05 AM,12:56 PM,01:15 PM,05:06 PM,05:15 PM,08:45 PM,08:50 PM,10:44 PM,10:49 PM,1:15 PM,2:15 PM
165,06/14/2024,"AlAhad, 14 Jamada El Thaniah, 2024",03:07 AM,03:27 AM,05:05 AM,12:56 PM,01:15 PM,05:06 PM,05:15 PM,08:46 PM,08:51 PM,10:45 PM,10:50 PM,1:15 PM,2:15 PM
166,06/15/2024,"AlEthnien, 15 Jamada El Thaniah, 2024",03:07 AM,03:27 AM,05:05 AM,12:56 PM,01:15 PM,05:06 PM,05:15 PM,08:46 PM,08:51 PM,10:45 PM,10:50 PM,1:15 PM,2:15 PM
167,06/16/2024,"AthThulatha, 16 Jamada El Thaniah, 2024",03:07 AM,03:27 AM,05:05 AM,12:56 PM,01:15 PM,05:06 PM,05:15 PM,08:47 PM,08:52 PM,10:46 PM,10:51 PM,1:15 PM,2:15 PM
168,06/17/2024,"AlArbia'a, 17 Jamada El Thaniah, 2024",03:07 AM,03:27 AM,05:05 AM,12:56 PM,01:15 PM,05:07 PM,05:15 PM,08:47 PM,08:52 PM,10:46 PM,10:51 PM,1:15 PM,2:15 PM
169,06/18/2024,"AlKhamis, 18 Jamada El Thaniah, 2024",03:07 AM,03:27 AM,05:05 AM,12:57 PM,01:15 PM,05:07 PM,05:15 PM,08:47 PM,08:52 PM,10:47 PM,10:52 PM,1:15 PM,2:15 PM
170,06/19/2024,"AlJumaa, 19 Jamada El Thaniah, 2024",03:07 AM,03:27 AM,05:05 AM,12:57 PM,01:15 PM,05:07 PM,05:15 PM,08:47 PM,08:52 PM,10:47 PM,10:52 PM,1:15 PM,2:15 PM
171,06/20/2024,"AsSabt, 20 Jamada El Thaniah, 2024",03:07 AM,03:27 AM,05:05 AM,12:57 PM,01:15 PM,05:07 PM,05:15 PM,08:48 PM,08:53 PM,10:47 PM,10:52 PM,1:15 PM,2:15 PM
172,06/21/2024,"AlAhad, 21 Jamada El Thaniah, 2024",03:07 AM,03:27 AM,05:06 AM,12:57 PM,01:15 PM,05:08 PM,05:15 PM,08:48 PM,08:53 PM,10:47 PM,10:52 PM,1:15 PM,2:15 PM
173,06/22/2024,"AlEthnien, 22 Jamada El Thaniah, 2024",03:07 AM,03:27 AM,05:06 AM,12:58 PM,01:15 PM,05:08 PM,05:15 PM,08:48 PM,08:53 PM,10:48 PM,10:53 PM,1:15 PM,2:15 PM
174,06/23/2024,"AthThulatha, 23 Jamada El Thaniah, 2024",03:08 AM,03:28 AM,05:06 AM,12:58 PM,01:15 PM,05:08 PM,05:15 PM,08:48 PM,08:53 PM,10:48 PM,10:53 PM,1:15 PM,2:15 PM
175,06/24/2024,"AlArbia'a, 24 Jamada El Thaniah, 2024",03:08 AM,03:28 AM,05:07 AM,12:58 PM,01:15 PM,05:08 PM,05:15 PM,08:48 PM,08:53 PM,10:48 PM,10:53 PM,1:15 PM,2:15 PM
176,06/25/2024,"AlKhamis, 25 Jamada El Thaniah, 2024",03:09 AM,03:29 AM,05:07 AM,12:58 PM,01:15 PM,05:08 PM,05:15 PM,08:48 PM,08:53 PM,10:47 PM,10:52 PM,1:15 PM,2:15 PM
177,06/26/2024,"AlJumaa, 26 Jamada El Thaniah, 2024",03:09 AM,03:29 AM,05:07 AM,12:58 PM,01:15 PM,05:09 PM,05:15 PM,08:48 PM,08:53 PM,10:47 PM,10:52 PM,1:15 PM,2:15 PM
178,06/27/2024,"AsSabt, 27 Jamada El Thaniah, 2024",03:10 AM,03:30 AM,05:08 AM,12:59 PM,01:15 PM,05:09 PM,05:15 PM,08:48 PM,08:53 PM,10:47 PM,10:52 PM,1:15 PM,2:15 PM
179,06/28/2024,"AlAhad, 28 Jamada El Thaniah, 2024",03:11 AM,03:31 AM,05:08 AM,12:59 PM,01:15 PM,05:09 PM,05:15 PM,08:48 PM,08:53 PM,10:47 PM,10:52 PM,1:15 PM,2:15 PM
180,06/29/2024,"AlEthnien, 29 Jamada El Thaniah, 2024",03:12 AM,03:32 AM,05:09 AM,12:59 PM,01:15 PM,05:09 PM,05:15 PM,08:48 PM,08:53 PM,10:46 PM,10:51 PM,1:15 PM,2:15 PM
181,06/30/2024,"AthThulatha, 30 Jamada El Thaniah, 2024",03:12 AM,03:32 AM,05:09 AM,12:59 PM,01:15 PM,05:09 PM,05:15 PM,08:48 PM,08:53 PM,10:46 PM,10:51 PM,1:15 PM,2:15 PM
182,07/01/2024,"AlArbia'a, 01 Rajab, 2024",03:13 AM,03:33 AM,05:10 AM,12:59 PM,01:15 PM,05:09 PM,05:15 PM,08:48 PM,08:53 PM,10:45 PM,10:50 PM,1:15 PM,2:15 PM
183,07/02/2024,"AlKhamis, 02 Rajab, 2024",03:14 AM,03:34 AM,05:10 AM,01:00 PM,01:15 PM,05:09 PM,05:15 PM,08:48 PM,08:53 PM,10:45 PM,10:50 PM,1:15 PM,2:15 PM
184,07/03/2024,"AlJumaa, 03 Rajab, 2024",03:15 AM,03:35 AM,05:11 AM,01:00 PM,01:15 PM,05:09 PM,05:15 PM,08:47 PM,08:52 PM,10:44 PM,10:49 PM,1:15 PM,2:15 PM
185,07/04/2024,"AsSabt, 04 Rajab, 2024",03:16 AM,03:36 AM,05:12 AM,01:00 PM,01:15 PM,05:09 PM,05:15 PM,08:47 PM,08:52 PM,10:43 PM,10:48 PM,1:15 PM,2:15 PM
186,07/05/2024,"AlAhad, 05 Rajab, 2024",03:17 AM,03:37 AM,05:12 AM,01:00 PM,01:15 PM,05:09 PM,05:15 PM,08:47 PM,08:52 PM,10:43 PM,10:48 PM,1:15 PM,2:15 PM
187,07/06/2024,"AlEthnien, 06 Rajab, 2024",03:19 AM,03:39 AM,05:13 AM,01:00 PM,01:15 PM,05:09 PM,05:15 PM,08:46 PM,08:51 PM,10:42 PM,10:47 PM,1:15 PM,2:15 PM
188,07/07/2024,"AthThulatha, 07 Rajab, 2024",03:20 AM,03:40 AM,05:14 AM,01:00 PM,01:15 PM,05:09 PM,05:15 PM,08:46 PM,08:51 PM,10:41 PM,10:46 PM,1:15 PM,2:15 PM
189,07/08/2024,"AlArbia'a, 08 Rajab, 2024",03:21 AM,03:41 AM,05:14 AM,01:01 PM,01:15 PM,05:09 PM,05:15 PM,08:45 PM,08:50 PM,10:40 PM,10:45 PM,1:15 PM,2:15 PM
190,07/09/2024,"AlKhamis, 09 Rajab, 2024",03:22 AM,03:42 AM,05:15 AM,01:01 PM,01:15 PM,05:09 PM,05:15 PM,08:45 PM,08:50 PM,10:39 PM,10:44 PM,1:15 PM,2:15 PM
191,07/10/2024,"AlJumaa, 10 Rajab, 2024",03:24 AM,03:44 AM,05:16 AM,01:01 PM,01:15 PM,05:09 PM,05:15 PM,08:44 PM,08:49 PM,10:38 PM,10:43 PM,1:15 PM,2:15 PM
192,07/11/2024,"AsSabt, 11 Rajab, 2024",03:25 AM,03:45 AM,05:17 AM,01:01 PM,01:15 PM,05:09 PM,05:15 PM,08:44 PM,08:49 PM,10:37 PM,10:42 PM,1:15 PM,2:15 PM
193,07/12/2024,"AlAhad, 12 Rajab, 2024",03:27 AM,03:47 AM,05:18 AM,01:01 PM,01:15 PM,05:09 PM,05:15 PM,08:43 PM,08:48 PM,10:36 PM,10:41 PM,1:15 PM,2:15 PM
194,07/13/2024,"AlEthnien, 13 Rajab, 2024",03:28 AM,03:48 AM,05:19 AM,01:01 PM,01:15 PM,05:09 PM,05:15 PM,08:42 PM,08:47 PM,10:34 PM,10:39 PM,1:15 PM,2:15 PM
195,07/14/2024,"AthThulatha, 14 Rajab, 2024",03:30 AM,03:50 AM,05:20 AM,01:01 PM,01:15 PM,05:09 PM,05:15 PM,08:42 PM,08:47 PM,10:33 PM,10:38 PM,1:15 PM,2:15 PM
196,07/15/2024,"AlArbia'a, 15 Rajab, 2024",03:31 AM,03:51 AM,05:20 AM,01:01 PM,01:15 PM,05:09 PM,05:15 PM,08:41 PM,08:46 PM,10:32 PM,10:37 PM,1:15 PM,2:15 PM
197,07/16/2024,"AlKhamis, 16 Rajab, 2024",03:33 AM,03:53 AM,05:21 AM,01:02 PM,01:15 PM,05:08 PM,05:15 PM,08:40 PM,08:45 PM,10:30 PM,10:35 PM,1:15 PM,2:15 PM
198,07/17/2024,"AlJumaa, 17 Rajab, 2024",03:34 AM,03:54 AM,05:22 AM,01:02 PM,01:15 PM,05:08 PM,05:15 PM,08:39 PM,08:44 PM,10:29 PM,10:34 PM,1:15 PM,2:15 PM
199,07/18/2024,"AsSabt, 18 Rajab, 2024",03:36 AM,03:56 AM,05:23 AM,01:02 PM,01:15 PM,05:08 PM,05:15 PM,08:39 PM,08:44 PM,10:28 PM,10:33 PM,1:15 PM,2:15 PM
200,07/19/2024,"AlAhad, 19 Rajab, 2024",03:37 AM,03:57 AM,05:24 AM,01:02 PM,01:15 PM,05:08 PM,05:15 PM,08:38 PM,08:43 PM,10:26 PM,10:31 PM,1:15 PM,2:15 PM
201,07/20/2024,"AlEthnien, 20 Rajab, 2024",03:39 AM,03:59 AM,05:25 AM,01:02 PM,01:15 PM,05:08 PM,05:15 PM,08:37 PM,08:42 PM,10:25 PM,10:30 PM,1:15 PM,2:15 PM
202,07/21/2024,"AthThulatha, 21 Rajab, 2024",03:41 AM,04:01 AM,05:26 AM,01:02 PM,01:15 PM,05:07 PM,05:15 PM,08:36 PM,08:41 PM,10:23 PM,10:28 PM,1:15 PM,2:15 PM
203,07/22/2024,"AlArbia'a, 22 Rajab, 2024",03:42 AM,04:02 AM,05:27 AM,01:02 PM,01:15 PM,05:07 PM,05:15 PM,08:35 PM,08:40 PM,10:21 PM,10:26 PM,1:15 PM,2:15 PM
204,07/23/2024,"AlKhamis, 23 Rajab, 2024",03:44 AM,04:04 AM,05:28 AM,01:02 PM,01:15 PM,05:07 PM,05:15 PM,08:34 PM,08:39 PM,10:20 PM,10:25 PM,1:15 PM,2:15 PM
205,07/24/2024,"AlJumaa, 24 Rajab, 2024",03:46 AM,04:06 AM,05:30 AM,01:02 PM,01:15 PM,05:06 PM,05:15 PM,08:33 PM,08:38 PM,10:18 PM,10:23 PM,1:15 PM,2:15 PM
206,07/25/2024,"AsSabt, 25 Rajab, 2024",03:48 AM,04:08 AM,05:31 AM,01:02 PM,01:15 PM,05:06 PM,05:15 PM,08:32 PM,08:37 PM,10:16 PM,10:21 PM,1:15 PM,2:15 PM
207,07/26/2024,"AlAhad, 26 Rajab, 2024",03:49 AM,04:09 AM,05:32 AM,01:02 PM,01:15 PM,05:06 PM,05:15 PM,08:30 PM,08:35 PM,10:15 PM,10:20 PM,1:15 PM,2:15 PM
208,07/27/2024,"AlEthnien, 27 Rajab, 2024",03:51 AM,04:11 AM,05:33 AM,01:02 PM,01:15 PM,05:05 PM,05:15 PM,08:29 PM,08:34 PM,10:13 PM,10:18 PM,1:15 PM,2:15 PM
209,07/28/2024,"AthThulatha, 28 Rajab, 2024",03:53 AM,04:13 AM,05:34 AM,01:02 PM,01:15 PM,05:05 PM,05:15 PM,08:28 PM,08:33 PM,10:11 PM,10:16 PM,1:15 PM,2:15 PM
210,07/29/2024,"AlArbia'a, 29 Rajab, 2024",03:54 AM,04:14 AM,05:35 AM,01:02 PM,01:15 PM,05:04 PM,05:15 PM,08:27 PM,08:32 PM,10:09 PM,10:14 PM,1:15 PM,2:15 PM
211,07/30/2024,"AlKhamis, 30 Rajab, 2024",03:56 AM,04:16 AM,05:36 AM,01:02 PM,01:15 PM,05:04 PM,05:15 PM,08:26 PM,08:31 PM,10:07 PM,10:12 PM,1:15 PM,2:15 PM
212,07/31/2024,"AlJumaa, 31 Rajab, 2024",03:58 AM,04:18 AM,05:37 AM,01:02 PM,01:15 PM,05:03 PM,05:15 PM,08:24 PM,08:29 PM,10:06 PM,10:11 PM,1:15 PM,2:15 PM
213,08/01/2024,"AsSabt, 01 Sha'ban, 2024",04:00 AM,04:20 AM,05:39 AM,01:02 PM,01:15 PM,05:03 PM,05:15 PM,08:23 PM,08:28 PM,10:04 PM,10:09 PM,1:15 PM,2:15 PM
214,08/02/2024,"AlAhad, 02 Sha'ban, 2024",04:02 AM,04:22 AM,05:40 AM,01:02 PM,01:15 PM,05:02 PM,05:15 PM,08:22 PM,08:27 PM,10:02 PM,10:07 PM,1:15 PM,2:15 PM
215,08/03/2024,"AlEthnien, 03 Sha'ban, 2024",04:03 AM,04:23 AM,05:41 AM,01:02 PM,01:15 PM,05:02 PM,05:15 PM,08:21 PM,08:26 PM,10:00 PM,10:05 PM,1:15 PM,2:15 PM
216,08/04/2024,"AthThulatha, 04 Sha'ban, 2024",04:05 AM,04:25 AM,05:42 AM,01:01 PM,01:15 PM,05:01 PM,05:15 PM,08:19 PM,08:24 PM,09:58 PM,10:03 PM,1:15 PM,2:15 PM
217,08/05/2024,"AlArbia'a, 05 Sha'ban, 2024",04:07 AM,04:27 AM,05:43 AM,01:01 PM,01:15 PM,05:01 PM,05:15 PM,08:18 PM,08:23 PM,09:56 PM,10:01 PM,1:15 PM,2:15 PM
218,08/06/2024,"AlKhamis, 06 Sha'ban, 2024",04:09 AM,04:29 AM,05:44 AM,01:01 PM,01:15 PM,05:00 PM,05:15 PM,08:16 PM,08:21 PM,09:54 PM,09:59 PM,1:15 PM,2:15 PM
219,08/07/2024,"AlJumaa, 07 Sha'ban, 2024",04:10 AM,04:30 AM,05:46 AM,01:01 PM,01:15 PM,04:59 PM,05:15 PM,08:15 PM,08:20 PM,09:52 PM,09:57 PM,1:15 PM,2:15 PM
220,08/08/2024,"AsSabt, 08 Sha'ban, 2024",04:12 AM,04:32 AM,05:47 AM,01:01 PM,01:15 PM,04:59 PM,05:15 PM,08:13 PM,08:18 PM,09:50 PM,09:55 PM,1:15 PM,2:15 PM
221,08/09/2024,"AlAhad, 09 Sha'ban, 2024",04:14 AM,04:34 AM,05:48 AM,01:01 PM,01:15 PM,04:58 PM,05:15 PM,08:12 PM,08:17 PM,09:48 PM,09:53 PM,1:15 PM,2:15 PM
222,08/10/2024,"AlEthnien, 10 Sha'ban, 2024",04:16 AM,04:36 AM,05:49 AM,01:01 PM,01:15 PM,04:57 PM,05:15 PM,08:10 PM,08:15 PM,09:46 PM,09:51 PM,1:15 PM,2:15 PM
223,08/11/2024,"AthThulatha, 11 Sha'ban, 2024",04:17 AM,04:37 AM,05:50 AM,01:01 PM,01:15 PM,04:57 PM,05:15 PM,08:09 PM,08:14 PM,09:44 PM,09:49 PM,1:15 PM,2:15 PM
224,08/12/2024,"AlArbia'a, 12 Sha'ban, 2024",04:19 AM,04:39 AM,05:52 AM,01:00 PM,01:15 PM,04:56 PM,05:15 PM,08:07 PM,08:12 PM,09:42 PM,09:47 PM,1:15 PM,2:15 PM
225,08/13/2024,"AlKhamis, 13 Sha'ban, 2024",04:21 AM,04:41 AM,05:53 AM,01:00 PM,01:15 PM,04:55 PM,05:15 PM,08:06 PM,08:11 PM,09:40 PM,09:45 PM,1:15 PM,2:15 PM
226,08/14/2024,"AlJumaa, 14 Sha'ban, 2024",04:22 AM,04:42 AM,05:54 AM,01:00 PM,01:15 PM,04:54 PM,05:15 PM,08:04 PM,08:09 PM,09:38 PM,09:43 PM,1:15 PM,2:15 PM
227,08/15/2024,"AsSabt, 15 Sha'ban, 2024",04:24 AM,04:44 AM,05:55 AM,01:00 PM,01:15 PM,04:54 PM,05:15 PM,08:03 PM,08:08 PM,09:36 PM,09:41 PM,1:15 PM,2:15 PM
228,08/16/2024,"AlAhad, 16 Sha'ban, 2024",04:26 AM,04:46 AM,05:57 AM,01:00 PM,01:15 PM,04:53 PM,05:15 PM,08:01 PM,08:06 PM,09:33 PM,09:38 PM,1:15 PM,2:15 PM
229,08/17/2024,"AlEthnien, 17 Sha'ban, 2024",04:28 AM,04:48 AM,05:58 AM,12:59 PM,01:15 PM,04:52 PM,05:15 PM,07:59 PM,08:04 PM,09:31 PM,09:36 PM,1:15 PM,2:15 PM
230,08/18/2024,"AthThulatha, 18 Sha'ban, 2024",04:29 AM,04:49 AM,05:59 AM,12:59 PM,01:15 PM,04:51 PM,05:15 PM,07:58 PM,08:03 PM,09:29 PM,09:34 PM,1:15 PM,2:15 PM
231,08/19/2024,"AlArbia'a, 19 Sha'ban, 2024",04:31 AM,04:51 AM,06:00 AM,12:59 PM,01:15 PM,04:50 PM,05:15 PM,07:56 PM,08:01 PM,09:27 PM,09:32 PM,1:15 PM,2:15 PM
232,08/20/2024,"AlKhamis, 20 Sha'ban, 2024",04:33 AM,04:53 AM,06:01 AM,12:59 PM,01:15 PM,04:49 PM,05:15 PM,07:54 PM,07:59 PM,09:25 PM,09:30 PM,1:15 PM,2:15 PM
233,08/21/2024,"AlJumaa, 21 Sha'ban, 2024",04:34 AM,04:54 AM,06:03 AM,12:58 PM,01:15 PM,04:48 PM,05:15 PM,07:52 PM,07:57 PM,09:23 PM,09:28 PM,1:15 PM,2:15 PM
234,08/22/2024,"AsSabt, 22 Sha'ban, 2024",04:36 AM,04:56 AM,06:04 AM,12:58 PM,01:15 PM,04:47 PM,05:15 PM,07:51 PM,07:56 PM,09:21 PM,09:26 PM,1:15 PM,2:15 PM
235,08/23/2024,"AlAhad, 23 Sha'ban, 2024",04:37 AM,04:57 AM,06:05 AM,12:58 PM,01:15 PM,04:46 PM,05:15 PM,07:49 PM,07:54 PM,09:18 PM,09:23 PM,1:15 PM,2:15 PM
236,08/24/2024,"AlEthnien, 24 Sha'ban, 2024",04:39 AM,04:59 AM,06:06 AM,12:58 PM,01:15 PM,04:45 PM,05:15 PM,07:47 PM,07:52 PM,09:16 PM,09:21 PM,1:15 PM,2:15 PM
237,08/25/2024,"AthThulatha, 25 Sha'ban, 2024",04:41 AM,05:01 AM,06:08 AM,12:57 PM,01:15 PM,04:44 PM,05:15 PM,07:45 PM,07:50 PM,09:14 PM,09:19 PM,1:15 PM,2:15 PM
238,08/26/2024,"AlArbia'a, 26 Sha'ban, 2024",04:42 AM,05:02 AM,06:09 AM,12:57 PM,01:15 PM,04:43 PM,05:15 PM,07:44 PM,07:49 PM,09:12 PM,09:17 PM,1:15 PM,2:15 PM
239,08/27/2024,"AlKhamis, 27 Sha'ban, 2024",04:44 AM,05:04 AM,06:10 AM,12:57 PM,01:15 PM,04:42 PM,05:15 PM,07:42 PM,07:47 PM,09:10 PM,09:15 PM,1:15 PM,2:15 PM
240,08/28/2024,"AlJumaa, 28 Sha'ban, 2024",04:45 AM,05:05 AM,06:11 AM,12:57 PM,01:15 PM,04:41 PM,05:15 PM,07:40 PM,07:45 PM,09:08 PM,09:13 PM,1:15 PM,2:15 PM
241,08/29/2024,"AsSabt, 29 Sha'ban, 2024",04:47 AM,05:07 AM,06:12 AM,12:56 PM,01:15 PM,04:40 PM,05:15 PM,07:38 PM,07:43 PM,09:05 PM,09:10 PM,1:15 PM,2:15 PM
242,08/30/2024,"AlAhad, 30 Sha'ban, 2024",04:49 AM,05:09 AM,06:14 AM,12:56 PM,01:15 PM,04:39 PM,05:15 PM,07:36 PM,07:41 PM,09:03 PM,09:08 PM,1:15 PM,2:15 PM
243,08/31/2024,"AlEthnien, 31 Sha'ban, 2024",04:50 AM,05:10 AM,06:15 AM,12:56 PM,01:15 PM,04:38 PM,05:15 PM,07:35 PM,07:40 PM,09:01 PM,09:06 PM,1:15 PM,2:15 PM
244,09/01/2024,"AthThulatha, 01 Ramadan, 2024",04:52 AM,05:12 AM,06:16 AM,12:55 PM,01:15 PM,04:37 PM,05:00 PM,07:33 PM,07:38 PM,08:59 PM,09:04 PM,1:15 PM,2:15 PM
245,09/02/2024,"AlArbia'a, 02 Ramadan, 2024",04:53 AM,05:13 AM,06:17 AM,12:55 PM,01:15 PM,04:36 PM,05:00 PM,07:31 PM,07:36 PM,08:57 PM,09:02 PM,1:15 PM,2:15 PM
246,09/03/2024,"AlKhamis, 03 Ramadan, 2024",04:55 AM,05:15 AM,06:18 AM,12:55 PM,01:15 PM,04:35 PM,05:00 PM,07:29 PM,07:34 PM,08:55 PM,09:00 PM,1:15 PM,2:15 PM
247,09/04/2024,"AlJumaa, 04 Ramadan, 2024",04:56 AM,05:16 AM,06:20 AM,12:54 PM,01:15 PM,04:34 PM,05:00 PM,07:27 PM,07:32 PM,08:52 PM,08:57 PM,1:15 PM,2:15 PM
248,09/05/2024,"AsSabt, 05 Ramadan, 2024",04:58 AM,05:18 AM,06:21 AM,12:54 PM,01:15 PM,04:32 PM,05:00 PM,07:25 PM,07:30 PM,08:50 PM,08:55 PM,1:15 PM,2:15 PM
249,09/06/2024,"AlAhad, 06 Ramadan, 2024",04:59 AM,05:19 AM,06:22 AM,12:54 PM,01:15 PM,04:31 PM,05:00 PM,07:23 PM,07:28 PM,08:48 PM,08:53 PM,1:15 PM,2:15 PM
250,09/07/2024,"AlEthnien, 07 Ramadan, 2024",05:01 AM,05:21 AM,06:23 AM,12:53 PM,01:15 PM,04:30 PM,05:00 PM,07:21 PM,07:26 PM,08:46 PM,08:51 PM,1:15 PM,2:15 PM
251,09/08/2024,"AthThulatha, 08 Ramadan, 2024",05:02 AM,05:22 AM,06:25 AM,12:53 PM,01:15 PM,04:29 PM,05:00 PM,07:20 PM,07:25 PM,08:44 PM,08:49 PM,1:15 PM,2:15 PM
252,09/09/2024,"AlArbia'a, 09 Ramadan, 2024",05:04 AM,05:24 AM,06:26 AM,12:53 PM,01:15 PM,04:28 PM,05:00 PM,07:18 PM,07:23 PM,08:42 PM,08:47 PM,1:15 PM,2:15 PM
253,09/10/2024,"AlKhamis, 10 Ramadan, 2024",05:05 AM,05:25 AM,06:27 AM,12:52 PM,01:15 PM,04:26 PM,05:00 PM,07:16 PM,07:21 PM,08:39 PM,08:44 PM,1:15 PM,2:15 PM
254,09/11/2024,"AlJumaa, 11 Ramadan, 2024",05:07 AM,05:27 AM,06:28 AM,12:52 PM,01:15 PM,04:25 PM,05:00 PM,07:14 PM,07:19 PM,08:37 PM,08:42 PM,1:15 PM,2:15 PM
255,09/12/2024,"AsSabt, 12 Ramadan, 2024",05:08 AM,05:28 AM,06:29 AM,12:52 PM,01:15 PM,04:24 PM,05:00 PM,07:12 PM,07:17 PM,08:35 PM,08:40 PM,1:15 PM,2:15 PM
256,09/13/2024,"AlAhad, 13 Ramadan, 2024",05:09 AM,05:29 AM,06:31 AM,12:51 PM,01:15 PM,04:22 PM,05:00 PM,07:10 PM,07:15 PM,08:33 PM,08:38 PM,1:15 PM,2:15 PM
257,09/14/2024,"AlEthnien, 14 Ramadan, 2024",05:11 AM,05:31 AM,06:32 AM,12:51 PM,01:15 PM,04:21 PM,05:00 PM,07:08 PM,07:13 PM,08:31 PM,08:36 PM,1:15 PM,2:15 PM
258,09/15/2024,"AthThulatha, 15 Ramadan, 2024",05:12 AM,05:32 AM,06:33 AM,12:51 PM,01:15 PM,04:20 PM,05:00 PM,07:06 PM,07:11 PM,08:29 PM,08:34 PM,1:15 PM,2:15 PM
259,09/16/2024,"AlArbia'a, 16 Ramadan, 2024",05:14 AM,05:34 AM,06:34 AM,12:50 PM,01:15 PM,04:19 PM,05:00 PM,07:04 PM,07:09 PM,08:27 PM,08:32 PM,1:15 PM,2:15 PM
260,09/17/2024,"AlKhamis, 17 Ramadan, 2024",05:15 AM,05:35 AM,06:36 AM,12:50 PM,01:15 PM,04:17 PM,05:00 PM,07:02 PM,07:07 PM,08:25 PM,08:30 PM,1:15 PM,2:15 PM
261,09/18/2024,"AlJumaa, 18 Ramadan, 2024",05:16 AM,05:36 AM,06:37 AM,12:49 PM,01:15 PM,04:16 PM,05:00 PM,07:00 PM,07:05 PM,08:22 PM,08:27 PM,1:15 PM,2:15 PM
262,09/19/2024,"AsSabt, 19 Ramadan, 2024",05:18 AM,05:38 AM,06:38 AM,12:49 PM,01:15 PM,04:15 PM,05:00 PM,06:58 PM,07:03 PM,08:20 PM,08:25 PM,1:15 PM,2:15 PM
263,09/20/2024,"AlAhad, 20 Ramadan, 2024",05:19 AM,05:39 AM,06:39 AM,12:49 PM,01:15 PM,04:13 PM,05:00 PM,06:56 PM,07:01 PM,08:18 PM,08:23 PM,1:15 PM,2:15 PM
264,09/21/2024,"AlEthnien, 21 Ramadan, 2024",05:20 AM,05:40 AM,06:40 AM,12:48 PM,01:15 PM,04:12 PM,05:00 PM,06:54 PM,06:59 PM,08:16 PM,08:21 PM,1:15 PM,2:15 PM
265,09/22/2024,"AthThulatha, 22 Ramadan, 2024",05:22 AM,05:42 AM,06:42 AM,12:48 PM,01:15 PM,04:10 PM,04:15 PM,06:53 PM,06:58 PM,08:14 PM,08:19 PM,1:15 PM,2:15 PM
266,09/23/2024,"AlArbia'a, 23 Ramadan, 2024",05:23 AM,05:43 AM,06:43 AM,12:48 PM,01:15 PM,04:09 PM,04:15 PM,06:51 PM,06:56 PM,08:12 PM,08:17 PM,1:15 PM,2:15 PM
267,09/24/2024,"AlKhamis, 24 Ramadan, 2024",05:25 AM,05:45 AM,06:44 AM,12:47 PM,01:15 PM,04:08 PM,04:15 PM,06:49 PM,06:54 PM,08:10 PM,08:15 PM,1:15 PM,2:15 PM
268,09/25/2024,"AlJumaa, 25 Ramadan, 2024",05:26 AM,05:46 AM,06:45 AM,12:47 PM,01:15 PM,04:06 PM,04:15 PM,06:47 PM,06:52 PM,08:08 PM,08:13 PM,1:15 PM,2:15 PM
269,09/26/2024,"AsSabt, 26 Ramadan, 2024",05:27 AM,05:47 AM,06:47 AM,12:47 PM,01:15 PM,04:05 PM,04:15 PM,06:45 PM,06:50 PM,08:06 PM,08:11 PM,1:15 PM,2:15 PM
270,09/27/2024,"AlAhad, 27 Ramadan, 2024",05:29 AM,05:49 AM,06:48 AM,12:46 PM,01:15 PM,04:04 PM,04:15 PM,06:43 PM,06:48 PM,08:04 PM,08:09 PM,1:15 PM,2:15 PM
271,09/28/2024,"AlEthnien, 28 Ramadan, 2024",05:30 AM,05:50 AM,06:49 AM,12:46 PM,01:15 PM,04:02 PM,04:15 PM,06:41 PM,06:46 PM,08:02 PM,08:07 PM,1:15 PM,2:15 PM
272,09/29/2024,"AthThulatha, 29 Ramadan, 2024",05:31 AM,05:51 AM,06:50 AM,12:46 PM,01:15 PM,04:01 PM,04:15 PM,06:39 PM,06:44 PM,08:00 PM,08:05 PM,1:15 PM,2:15 PM
273,09/30/2024,"AlArbia'a, 30 Ramadan, 2024",05:32 AM,05:52 AM,06:52 AM,12:45 PM,01:15 PM,03:59 PM,04:15 PM,06:37 PM,06:42 PM,07:58 PM,08:03 PM,1:15 PM,2:15 PM
274,10/01/2024,"AlKhamis, 01 Shawwal, 2024",05:34 AM,05:54 AM,06:53 AM,12:45 PM,01:15 PM,03:58 PM,04:15 PM,06:35 PM,06:40 PM,07:56 PM,08:01 PM,1:15 PM,2:15 PM
275,10/02/2024,"AlJumaa, 02 Shawwal, 2024",05:35 AM,05:55 AM,06:54 AM,12:45 PM,01:15 PM,03:56 PM,04:15 PM,06:33 PM,06:38 PM,07:54 PM,07:59 PM,1:15 PM,2:15 PM
276,10/03/2024,"AsSabt, 03 Shawwal, 2024",05:36 AM,05:56 AM,06:55 AM,12:44 PM,01:15 PM,03:55 PM,04:15 PM,06:31 PM,06:36 PM,07:52 PM,07:57 PM,1:15 PM,2:15 PM
277,10/04/2024,"AlAhad, 04 Shawwal, 2024",05:38 AM,05:58 AM,06:57 AM,12:44 PM,01:15 PM,03:54 PM,04:15 PM,06:30 PM,06:35 PM,07:50 PM,07:55 PM,1:15 PM,2:15 PM
278,10/05/2024,"AlEthnien, 05 Shawwal, 2024",05:39 AM,05:59 AM,06:58 AM,12:44 PM,01:15 PM,03:52 PM,04:15 PM,06:28 PM,06:33 PM,07:49 PM,07:54 PM,1:15 PM,2:15 PM
279,10/06/2024,"AthThulatha, 06 Shawwal, 2024",05:40 AM,06:00 AM,06:59 AM,12:43 PM,01:15 PM,03:51 PM,04:15 PM,06:26 PM,06:31 PM,07:47 PM,07:52 PM,1:15 PM,2:15 PM
280,10/07/2024,"AlArbia'a, 07 Shawwal, 2024",05:42 AM,06:02 AM,07:01 AM,12:43 PM,01:15 PM,03:49 PM,04:15 PM,06:24 PM,06:29 PM,07:45 PM,07:50 PM,1:15 PM,2:15 PM
281,10/08/2024,"AlKhamis, 08 Shawwal, 2024",05:43 AM,06:03 AM,07:02 AM,12:43 PM,01:15 PM,03:48 PM,04:15 PM,06:22 PM,06:27 PM,07:43 PM,07:48 PM,1:15 PM,2:15 PM
282,10/09/2024,"AlJumaa, 09 Shawwal, 2024",05:44 AM,06:04 AM,07:03 AM,12:43 PM,01:15 PM,03:47 PM,04:15 PM,06:20 PM,06:25 PM,07:41 PM,07:46 PM,1:15 PM,2:15 PM
283,10/10/2024,"AsSabt, 10 Shawwal, 2024",05:45 AM,06:05 AM,07:04 AM,12:42 PM,01:15 PM,03:45 PM,04:15 PM,06:18 PM,06:23 PM,07:39 PM,07:44 PM,1:15 PM,2:15 PM
284,10/11/2024,"AlAhad, 11 Shawwal, 2024",05:47 AM,06:07 AM,07:06 AM,12:42 PM,01:15 PM,03:44 PM,04:15 PM,06:17 PM,06:22 PM,07:38 PM,07:43 PM,1:15 PM,2:15 PM
285,10/12/2024,"AlEthnien, 12 Shawwal, 2024",05:48 AM,06:08 AM,07:07 AM,12:42 PM,01:15 PM,03:42 PM,04:15 PM,06:15 PM,06:20 PM,07:36 PM,07:41 PM,1:15 PM,2:15 PM
286,10/13/2024,"AthThulatha, 13 Shawwal, 2024",05:49 AM,05:59 AM,07:08 AM,12:42 PM,01:15 PM,03:41 PM,03:45 PM,06:13 PM,06:18 PM,07:34 PM,07:39 PM,1:15 PM,2:15 PM
287,10/14/2024,"AlArbia'a, 14 Shawwal, 2024",05:50 AM,06:00 AM,07:10 AM,12:41 PM,01:15 PM,03:40 PM,03:45 PM,06:11 PM,06:16 PM,07:32 PM,07:37 PM,1:15 PM,2:15 PM
288,10/15/2024,"AlKhamis, 15 Shawwal, 2024",05:52 AM,06:02 AM,07:11 AM,12:41 PM,01:15 PM,03:38 PM,03:45 PM,06:10 PM,06:15 PM,07:31 PM,07:36 PM,1:15 PM,2:15 PM
289,10/16/2024,"AlJumaa, 16 Shawwal, 2024",05:53 AM,06:03 AM,07:12 AM,12:41 PM,01:15 PM,03:37 PM,03:45 PM,06:08 PM,06:13 PM,07:29 PM,07:34 PM,1:15 PM,2:15 PM
290,10/17/2024,"AsSabt, 17 Shawwal, 2024",05:54 AM,06:04 AM,07:14 AM,12:41 PM,01:15 PM,03:36 PM,03:45 PM,06:06 PM,06:11 PM,07:27 PM,07:32 PM,1:15 PM,2:15 PM
291,10/18/2024,"AlAhad, 18 Shawwal, 2024",05:55 AM,06:05 AM,07:15 AM,12:41 PM,01:15 PM,03:34 PM,03:45 PM,06:04 PM,06:09 PM,07:26 PM,07:31 PM,1:15 PM,2:15 PM
292,10/19/2024,"AlEthnien, 19 Shawwal, 2024",05:57 AM,06:07 AM,07:16 AM,12:40 PM,01:15 PM,03:33 PM,03:45 PM,06:03 PM,06:08 PM,07:24 PM,07:29 PM,1:15 PM,2:15 PM
293,10/20/2024,"AthThulatha, 20 Shawwal, 2024",05:58 AM,06:08 AM,07:18 AM,12:40 PM,01:15 PM,03:32 PM,03:45 PM,06:01 PM,06:06 PM,07:22 PM,07:27 PM,1:15 PM,2:15 PM
294,10/21/2024,"AlArbia'a, 21 Shawwal, 2024",05:59 AM,06:09 AM,07:19 AM,12:40 PM,01:15 PM,03:30 PM,03:45 PM,05:59 PM,06:04 PM,07:21 PM,07:26 PM,1:15 PM,2:15 PM
295,10/22/2024,"AlKhamis, 22 Shawwal, 2024",06:01 AM,06:11 AM,07:20 AM,12:40 PM,01:15 PM,03:29 PM,03:45 PM,05:58 PM,06:03 PM,07:19 PM,07:24 PM,1:15 PM,2:15 PM
296,10/23/2024,"AlJumaa, 23 Shawwal, 2024",06:02 AM,06:12 AM,07:22 AM,12:40 PM,01:15 PM,03:28 PM,03:45 PM,05:56 PM,06:01 PM,07:18 PM,07:23 PM,1:15 PM,2:15 PM
297,10/24/2024,"AsSabt, 24 Shawwal, 2024",06:03 AM,06:13 AM,07:23 AM,12:40 PM,01:15 PM,03:26 PM,03:45 PM,05:54 PM,05:59 PM,07:16 PM,07:21 PM,1:15 PM,2:15 PM
298,10/25/2024,"AlAhad, 25 Shawwal, 2024",06:04 AM,06:14 AM,07:25 AM,12:39 PM,01:15 PM,03:25 PM,03:45 PM,05:53 PM,05:58 PM,07:15 PM,07:20 PM,1:15 PM,2:15 PM
299,10/26/2024,"AlEthnien, 26 Shawwal, 2024",06:06 AM,06:16 AM,07:26 AM,12:39 PM,01:15 PM,03:24 PM,03:45 PM,05:51 PM,05:56 PM,07:13 PM,07:18 PM,1:15 PM,2:15 PM
300,10/27/2024,"AthThulatha, 27 Shawwal, 2024",06:07 AM,06:17 AM,07:27 AM,12:39 PM,01:15 PM,03:23 PM,03:45 PM,05:50 PM,05:55 PM,07:12 PM,07:17 PM,1:15 PM,2:15 PM
301,10/28/2024,"AlArbia'a, 28 Shawwal, 2024",06:08 AM,06:18 AM,07:29 AM,12:39 PM,01:15 PM,03:21 PM,03:45 PM,05:48 PM,05:53 PM,07:10 PM,07:15 PM,1:15 PM,2:15 PM
302,10/29/2024,"AlKhamis, 29 Shawwal, 2024",06:09 AM,06:19 AM,07:30 AM,12:39 PM,01:15 PM,03:20 PM,03:45 PM,05:47 PM,05:52 PM,07:09 PM,07:14 PM,1:15 PM,2:15 PM
303,10/30/2024,"AlJumaa, 30 Shawwal, 2024",06:10 AM,06:20 AM,07:32 AM,12:39 PM,01:15 PM,03:19 PM,03:45 PM,05:45 PM,05:50 PM,07:08 PM,07:13 PM,1:15 PM,2:15 PM
304,10/31/2024,"AsSabt, 31 Shawwal, 2024",06:12 AM,06:22 AM,07:33 AM,12:39 PM,01:15 PM,03:18 PM,03:45 PM,05:44 PM,05:49 PM,07:06 PM,07:11 PM,1:15 PM,2:15 PM
305,11/01/2024,"AlAhad, 01 Thoul Ki'dah, 2024",06:13 AM,06:23 AM,07:34 AM,12:39 PM,01:15 PM,03:17 PM,03:45 PM,05:42 PM,05:47 PM,07:05 PM,07:10 PM,12:15 PM,1:15 PM
306,11/02/2024,"AlEthnien, 02 Thoul Ki'dah, 2024",06:14 AM,06:24 AM,07:36 AM,12:39 PM,01:15 PM,03:16 PM,03:45 PM,05:41 PM,05:46 PM,07:04 PM,07:09 PM,12:15 PM,1:15 PM
307,11/03/2024,"AthThulatha, 03 Thoul Ki'dah, 2024",05:15 AM,05:35 AM,06:37 AM,11:39 AM,12:15 PM,02:14 PM,02:15 PM,04:39 PM,04:44 PM,06:03 PM,06:15 PM,12:15 PM,1:15 PM
308,11/04/2024,"AlArbia'a, 04 Thoul Ki'dah, 2024",05:17 AM,05:37 AM,06:39 AM,11:39 AM,12:15 PM,02:13 PM,02:15 PM,04:38 PM,04:43 PM,06:01 PM,06:15 PM,12:15 PM,1:15 PM
309,11/05/2024,"AlKhamis, 05 Thoul Ki'dah, 2024",05:18 AM,05:38 AM,06:40 AM,11:39 AM,12:15 PM,02:12 PM,02:15 PM,04:37 PM,04:42 PM,06:00 PM,06:15 PM,12:15 PM,1:15 PM
310,11/06/2024,"AlJumaa, 06 Thoul Ki'dah, 2024",05:19 AM,05:39 AM,06:41 AM,11:39 AM,12:15 PM,02:11 PM,02:15 PM,04:35 PM,04:40 PM,05:59 PM,06:15 PM,12:15 PM,1:15 PM
311,11/07/2024,"AsSabt, 07 Thoul Ki'dah, 2024",05:20 AM,05:40 AM,06:43 AM,11:39 AM,12:15 PM,02:10 PM,02:15 PM,04:34 PM,04:39 PM,05:58 PM,06:15 PM,12:15 PM,1:15 PM
312,11/08/2024,"AlAhad, 08 Thoul Ki'dah, 2024",05:22 AM,05:42 AM,06:44 AM,11:39 AM,12:15 PM,02:09 PM,02:15 PM,04:33 PM,04:38 PM,05:57 PM,06:15 PM,12:15 PM,1:15 PM
313,11/09/2024,"AlEthnien, 09 Thoul Ki'dah, 2024",05:23 AM,05:43 AM,06:46 AM,11:39 AM,12:15 PM,02:08 PM,02:15 PM,04:32 PM,04:37 PM,05:56 PM,06:15 PM,12:15 PM,1:15 PM
314,11/10/2024,"AthThulatha, 10 Thoul Ki'dah, 2024",05:24 AM,05:44 AM,06:47 AM,11:39 AM,12:15 PM,02:07 PM,02:15 PM,04:30 PM,04:35 PM,05:55 PM,06:15 PM,12:15 PM,1:15 PM
315,11/11/2024,"AlArbia'a, 11 Thoul Ki'dah, 2024",05:25 AM,05:45 AM,06:48 AM,11:40 AM,12:15 PM,02:06 PM,02:15 PM,04:29 PM,04:34 PM,05:54 PM,06:15 PM,12:15 PM,1:15 PM
316,11/12/2024,"AlKhamis, 12 Thoul Ki'dah, 2024",05:26 AM,05:46 AM,06:50 AM,11:40 AM,12:15 PM,02:05 PM,02:15 PM,04:28 PM,04:33 PM,05:53 PM,06:15 PM,12:15 PM,1:15 PM
317,11/13/2024,"AlJumaa, 13 Thoul Ki'dah, 2024",05:28 AM,05:48 AM,06:51 AM,11:40 AM,12:15 PM,02:05 PM,02:15 PM,04:27 PM,04:32 PM,05:52 PM,06:15 PM,12:15 PM,1:15 PM
318,11/14/2024,"AsSabt, 14 Thoul Ki'dah, 2024",05:28 AM,05:48 AM,06:51 AM,11:40 AM,12:15 PM,02:05 PM,02:15 PM,04:27 PM,04:32 PM,05:52 PM,06:15 PM,12:15 PM,1:15 PM
319,11/15/2024,"AlAhad, 15 Thoul Ki'dah, 2024",05:29 AM,05:49 AM,06:52 AM,11:40 AM,12:15 PM,02:04 PM,02:15 PM,04:26 PM,04:31 PM,05:51 PM,06:15 PM,12:15 PM,1:15 PM
320,11/16/2024,"AlEthnien, 16 Thoul Ki'dah, 2024",05:31 AM,05:51 AM,06:55 AM,11:40 AM,12:15 PM,02:02 PM,02:15 PM,04:24 PM,04:29 PM,05:49 PM,06:15 PM,12:15 PM,1:15 PM
321,11/17/2024,"AthThulatha, 17 Thoul Ki'dah, 2024",05:32 AM,05:52 AM,06:57 AM,11:40 AM,12:15 PM,02:01 PM,02:15 PM,04:23 PM,04:28 PM,05:49 PM,06:15 PM,12:15 PM,1:15 PM
322,11/18/2024,"AlArbia'a, 18 Thoul Ki'dah, 2024",05:33 AM,05:53 AM,06:58 AM,11:41 AM,12:15 PM,02:01 PM,02:15 PM,04:22 PM,04:27 PM,05:48 PM,06:15 PM,12:15 PM,1:15 PM
323,11/19/2024,"AlKhamis, 19 Thoul Ki'dah, 2024",05:35 AM,05:55 AM,06:59 AM,11:41 AM,12:15 PM,02:00 PM,02:15 PM,04:21 PM,04:26 PM,05:47 PM,06:15 PM,12:15 PM,1:15 PM
324,11/20/2024,"AlJumaa, 20 Thoul Ki'dah, 2024",05:36 AM,05:56 AM,07:01 AM,11:41 AM,12:15 PM,01:59 PM,02:15 PM,04:20 PM,04:25 PM,05:47 PM,06:15 PM,12:15 PM,1:15 PM
325,11/21/2024,"AsSabt, 21 Thoul Ki'dah, 2024",05:37 AM,05:57 AM,07:02 AM,11:41 AM,12:15 PM,01:59 PM,02:15 PM,04:19 PM,04:24 PM,05:46 PM,06:15 PM,12:15 PM,1:15 PM
326,11/22/2024,"AlAhad, 22 Thoul Ki'dah, 2024",05:38 AM,05:58 AM,07:03 AM,11:42 AM,12:15 PM,01:58 PM,02:15 PM,04:19 PM,04:24 PM,05:45 PM,06:15 PM,12:15 PM,1:15 PM
327,11/23/2024,"AlEthnien, 23 Thoul Ki'dah, 2024",05:39 AM,05:59 AM,07:05 AM,11:42 AM,12:15 PM,01:58 PM,02:15 PM,04:18 PM,04:23 PM,05:45 PM,06:15 PM,12:15 PM,1:15 PM
328,11/24/2024,"AthThulatha, 24 Thoul Ki'dah, 2024",05:40 AM,06:00 AM,07:06 AM,11:42 AM,12:15 PM,01:57 PM,02:15 PM,04:17 PM,04:22 PM,05:44 PM,06:15 PM,12:15 PM,1:15 PM
329,11/25/2024,"AlArbia'a, 25 Thoul Ki'dah, 2024",05:41 AM,06:01 AM,07:07 AM,11:43 AM,12:15 PM,01:57 PM,02:15 PM,04:17 PM,04:22 PM,05:44 PM,06:15 PM,12:15 PM,1:15 PM
330,11/26/2024,"AlKhamis, 26 Thoul Ki'dah, 2024",05:42 AM,06:02 AM,07:08 AM,11:43 AM,12:15 PM,01:56 PM,02:15 PM,04:16 PM,04:21 PM,05:43 PM,06:15 PM,12:15 PM,1:15 PM
331,11/27/2024,"AlJumaa, 27 Thoul Ki'dah, 2024",05:43 AM,06:03 AM,07:10 AM,11:43 AM,12:15 PM,01:56 PM,02:15 PM,04:15 PM,04:20 PM,05:43 PM,06:15 PM,12:15 PM,1:15 PM
332,11/28/2024,"AsSabt, 28 Thoul Ki'dah, 2024",05:43 AM,06:03 AM,07:10 AM,11:43 AM,12:15 PM,01:56 PM,02:15 PM,04:15 PM,04:20 PM,05:43 PM,06:15 PM,12:15 PM,1:15 PM
333,11/29/2024,"AlAhad, 29 Thoul Ki'dah, 2024",05:44 AM,06:04 AM,07:11 AM,11:44 AM,12:15 PM,01:55 PM,02:15 PM,04:15 PM,04:20 PM,05:43 PM,06:15 PM,12:15 PM,1:15 PM
334,11/30/2024,"AlEthnien, 30 Thoul Ki'dah, 2024",05:46 AM,06:06 AM,07:13 AM,11:44 AM,12:15 PM,01:55 PM,02:15 PM,04:14 PM,04:19 PM,05:42 PM,06:15 PM,12:15 PM,1:15 PM
335,12/01/2024,"AthThulatha, 01 Thoul Hijjah, 2024",05:47 AM,05:57 AM,07:14 AM,11:45 AM,12:15 PM,01:55 PM,02:15 PM,04:14 PM,04:19 PM,05:42 PM,06:15 PM,12:15 PM,1:15 PM
336,12/02/2024,"AlArbia'a, 02 Thoul Hijjah, 2024",05:48 AM,05:58 AM,07:16 AM,11:45 AM,12:15 PM,01:54 PM,02:15 PM,04:13 PM,04:18 PM,05:42 PM,06:15 PM,12:15 PM,1:15 PM
337,12/03/2024,"AlKhamis, 03 Thoul Hijjah, 2024",05:49 AM,05:59 AM,07:17 AM,11:45 AM,12:15 PM,01:54 PM,02:15 PM,04:13 PM,04:18 PM,05:41 PM,06:15 PM,12:15 PM,1:15 PM
338,12/04/2024,"AlJumaa, 04 Thoul Hijjah, 2024",05:50 AM,06:00 AM,07:18 AM,11:46 AM,12:15 PM,01:54 PM,02:15 PM,04:13 PM,04:18 PM,05:41 PM,06:15 PM,12:15 PM,1:15 PM
339,12/05/2024,"AsSabt, 05 Thoul Hijjah, 2024",05:51 AM,06:01 AM,07:19 AM,11:46 AM,12:15 PM,01:54 PM,02:15 PM,04:12 PM,04:17 PM,05:41 PM,06:15 PM,12:15 PM,1:15 PM
340,12/06/2024,"AlAhad, 06 Thoul Hijjah, 2024",05:52 AM,06:02 AM,07:20 AM,11:47 AM,12:15 PM,01:54 PM,02:15 PM,04:12 PM,04:17 PM,05:41 PM,06:15 PM,12:15 PM,1:15 PM
341,12/07/2024,"AlEthnien, 07 Thoul Hijjah, 2024",05:53 AM,06:03 AM,07:21 AM,11:47 AM,12:15 PM,01:54 PM,02:15 PM,04:12 PM,04:17 PM,05:41 PM,06:15 PM,12:15 PM,1:15 PM
342,12/08/2024,"AthThulatha, 08 Thoul Hijjah, 2024",05:54 AM,06:04 AM,07:22 AM,11:48 AM,12:15 PM,01:54 PM,02:15 PM,04:12 PM,04:17 PM,05:41 PM,06:15 PM,12:15 PM,1:15 PM
343,12/09/2024,"AlArbia'a, 09 Thoul Hijjah, 2024",05:55 AM,06:05 AM,07:23 AM,11:48 AM,12:15 PM,01:54 PM,02:15 PM,04:12 PM,04:17 PM,05:41 PM,06:15 PM,12:15 PM,1:15 PM
344,12/10/2024,"AlKhamis, 10 Thoul Hijjah, 2024",05:56 AM,06:06 AM,07:24 AM,11:48 AM,12:15 PM,01:54 PM,02:15 PM,04:12 PM,04:17 PM,05:41 PM,06:15 PM,12:15 PM,1:15 PM
345,12/11/2024,"AlJumaa, 11 Thoul Hijjah, 2024",05:56 AM,06:06 AM,07:25 AM,11:49 AM,12:15 PM,01:54 PM,02:15 PM,04:12 PM,04:17 PM,05:41 PM,06:15 PM,12:15 PM,1:15 PM
346,12/12/2024,"AsSabt, 12 Thoul Hijjah, 2024",05:57 AM,06:07 AM,07:26 AM,11:49 AM,12:15 PM,01:54 PM,02:15 PM,04:12 PM,04:17 PM,05:42 PM,06:15 PM,12:15 PM,1:15 PM
347,12/13/2024,"AlAhad, 13 Thoul Hijjah, 2024",05:57 AM,06:07 AM,07:26 AM,11:49 AM,12:15 PM,01:54 PM,02:15 PM,04:12 PM,04:17 PM,05:42 PM,06:15 PM,12:15 PM,1:15 PM
348,12/14/2024,"AlEthnien, 14 Thoul Hijjah, 2024",05:58 AM,06:08 AM,07:26 AM,11:50 AM,12:15 PM,01:54 PM,02:15 PM,04:12 PM,04:17 PM,05:42 PM,06:15 PM,12:15 PM,1:15 PM
349,12/15/2024,"AthThulatha, 15 Thoul Hijjah, 2024",05:59 AM,06:09 AM,07:28 AM,11:51 AM,12:15 PM,01:55 PM,02:15 PM,04:13 PM,04:18 PM,05:42 PM,06:15 PM,12:15 PM,1:15 PM
350,12/16/2024,"AlArbia'a, 16 Thoul Hijjah, 2024",06:00 AM,06:10 AM,07:29 AM,11:51 AM,12:15 PM,01:55 PM,02:15 PM,04:13 PM,04:18 PM,05:43 PM,06:15 PM,12:15 PM,1:15 PM
351,12/17/2024,"AlKhamis, 17 Thoul Hijjah, 2024",06:00 AM,06:10 AM,07:29 AM,11:52 AM,12:15 PM,01:56 PM,02:15 PM,04:13 PM,04:18 PM,05:43 PM,06:15 PM,12:15 PM,1:15 PM
352,12/18/2024,"AlJumaa, 18 Thoul Hijjah, 2024",06:01 AM,06:11 AM,07:30 AM,11:52 AM,12:15 PM,01:56 PM,02:15 PM,04:13 PM,04:18 PM,05:43 PM,06:15 PM,12:15 PM,1:15 PM
353,12/19/2024,"AsSabt, 19 Thoul Hijjah, 2024",06:02 AM,06:12 AM,07:31 AM,11:53 AM,12:15 PM,01:56 PM,02:15 PM,04:14 PM,04:19 PM,05:44 PM,06:15 PM,12:15 PM,1:15 PM
354,12/20/2024,"AlAhad, 20 Thoul Hijjah, 2024",06:02 AM,06:12 AM,07:31 AM,11:53 AM,12:15 PM,01:57 PM,02:15 PM,04:14 PM,04:19 PM,05:44 PM,06:15 PM,12:15 PM,1:15 PM
355,12/21/2024,"AlEthnien, 21 Thoul Hijjah, 2024",06:03 AM,06:13 AM,07:32 AM,11:54 AM,12:15 PM,01:57 PM,02:15 PM,04:15 PM,04:20 PM,05:45 PM,06:15 PM,12:15 PM,1:15 PM
356,12/22/2024,"AthThulatha, 22 Thoul Hijjah, 2024",06:03 AM,06:13 AM,07:32 AM,11:54 AM,12:15 PM,01:58 PM,02:15 PM,04:15 PM,04:20 PM,05:45 PM,06:15 PM,12:15 PM,1:15 PM
357,12/23/2024,"AlArbia'a, 23 Thoul Hijjah, 2024",06:03 AM,06:13 AM,07:33 AM,11:55 AM,12:15 PM,01:59 PM,02:15 PM,04:16 PM,04:21 PM,05:46 PM,06:15 PM,12:15 PM,1:15 PM
358,12/24/2024,"AlKhamis, 24 Thoul Hijjah, 2024",06:04 AM,06:14 AM,07:33 AM,11:55 AM,12:15 PM,01:59 PM,02:15 PM,04:16 PM,04:21 PM,05:46 PM,06:15 PM,12:15 PM,1:15 PM
359,12/25/2024,"AlJumaa, 25 Thoul Hijjah, 2024",06:04 AM,06:14 AM,07:33 AM,11:56 AM,12:15 PM,02:00 PM,02:15 PM,04:17 PM,04:22 PM,05:47 PM,06:15 PM,12:15 PM,1:15 PM
360,12/26/2024,"AsSabt, 26 Thoul Hijjah, 2024",06:05 AM,06:15 AM,07:34 AM,11:56 AM,12:15 PM,02:00 PM,02:15 PM,04:18 PM,04:23 PM,05:48 PM,06:15 PM,12:15 PM,1:15 PM
361,12/27/2024,"AlAhad, 27 Thoul Hijjah, 2024",06:05 AM,06:15 AM,07:34 AM,11:57 AM,12:15 PM,02:01 PM,02:15 PM,04:19 PM,04:24 PM,05:48 PM,06:15 PM,12:15 PM,1:15 PM
362,12/28/2024,"AlEthnien, 28 Thoul Hijjah, 2024",06:05 AM,06:15 AM,07:34 AM,11:57 AM,12:15 PM,02:01 PM,02:15 PM,04:19 PM,04:24 PM,05:48 PM,06:15 PM,12:15 PM,1:15 PM
363,12/29/2024,"AthThulatha, 29 Thoul Hijjah, 2024",06:05 AM,06:15 AM,07:34 AM,11:57 AM,12:15 PM,02:02 PM,02:15 PM,04:19 PM,04:24 PM,05:49 PM,06:15 PM,12:15 PM,1:15 PM
364,12/30/2024,"AlArbia'a, 30 Thoul Hijjah, 2024",06:06 AM,06:16 AM,07:34 AM,11:58 AM,12:15 PM,02:03 PM,02:15 PM,04:21 PM,04:26 PM,05:51 PM,06:15 PM,12:15 PM,1:15 PM
365,12/31/2024,"AlKhamis, 31 Thoul Hijjah, 2024",06:06 AM,06:16 AM,07:35 AM,11:59 AM,12:15 PM,02:04 PM,02:15 PM,04:22 PM,04:27 PM,05:52 PM,06:15 PM,12:15 PM,1:15 PM
